#pragma once

// C-BIOS 0.29a (MSX2 sub ROM), source: https://sourceforge.net/projects/cbios/
// C-BIOS is distributed under the 2-clause BSD license.
static const unsigned char kMsxCbiosSubRom[] = {
  0x43, 0x44, 0x00, 0x00, 0x00, 0x00, 0x00, 0x00, 0x00, 0x00, 0x00, 0x00,
  0x00, 0x00, 0x00, 0x00, 0x7e, 0xb7, 0xc9, 0x00, 0xc9, 0x00, 0x00, 0x00,
  0xc9, 0x00, 0x00, 0x00, 0xc9, 0x00, 0x00, 0x00, 0x7c, 0xba, 0xc0, 0x7d,
  0xbb, 0xc9, 0x00, 0x00, 0xc9, 0x00, 0x00, 0x00, 0x00, 0x00, 0x00, 0x00,
  0xc9, 0xc9, 0xc9, 0xc9, 0xc9, 0xc9, 0xc9, 0xc9, 0xf5, 0xc5, 0xd5, 0xe5,
  0x08, 0xd9, 0xf5, 0xc5, 0xd5, 0xe5, 0xdd, 0xe5, 0xfd, 0xe5, 0xdd, 0x21,
  0x38, 0x00, 0xfd, 0x2a, 0xc0, 0xfc, 0xcd, 0xc5, 0x02, 0xfd, 0xe1, 0xdd,
  0xe1, 0xe1, 0xd1, 0xc1, 0xf1, 0x08, 0xd9, 0xe1, 0xd1, 0xc1, 0xf1, 0xed,
  0x4d, 0xc9, 0xc9, 0xc9, 0xc9, 0xc9, 0xcd, 0xd6, 0xfd, 0xed, 0x45, 0xc9,
  0xc9, 0xc9, 0xc9, 0xc9, 0xc9, 0xc9, 0xc9, 0xc9, 0xc9, 0xc9, 0xc9, 0xc9,
  0xc9, 0xc9, 0xc9, 0xc9, 0xc9, 0xc9, 0xc9, 0xc9, 0xc9, 0xc9, 0xc9, 0xc9,
  0xc9, 0xfb, 0xc3, 0xf2, 0x0e, 0xfb, 0xc3, 0x04, 0x0f, 0xfb, 0xc3, 0xfc,
  0x0d, 0xfb, 0xc3, 0x73, 0x0f, 0xfb, 0xc3, 0x79, 0x0e, 0xfb, 0xc3, 0x67,
  0x0e, 0xfb, 0xc3, 0x8a, 0x0e, 0xfb, 0xc3, 0x85, 0x0f, 0xfb, 0xc3, 0x97,
  0x0d, 0xfb, 0xc3, 0x97, 0x0f, 0xfb, 0xc3, 0xa9, 0x0d, 0xfb, 0xc3, 0xea,
  0x0d, 0xfb, 0xc3, 0xd9, 0x0d, 0xfb, 0xc3, 0xc9, 0x0d, 0xfb, 0xc3, 0xba,
  0x0d, 0xfb, 0xc3, 0xd0, 0x0e, 0xfb, 0xc3, 0xe1, 0x0e, 0xfb, 0xc3, 0xa9,
  0x0f, 0xfb, 0xc3, 0x0b, 0x10, 0xfb, 0xc3, 0xb3, 0x04, 0xfb, 0xc3, 0xc5,
  0x05, 0xfb, 0xc3, 0x16, 0x06, 0xfb, 0xc3, 0x60, 0x06, 0xfb, 0xc3, 0xa5,
  0x06, 0xfb, 0xc3, 0xf8, 0x06, 0xfb, 0xc3, 0x50, 0x07, 0xfb, 0xc3, 0x7f,
  0x07, 0xfb, 0xc3, 0xb2, 0x07, 0xfb, 0xc3, 0x66, 0x05, 0xfb, 0xc3, 0x08,
  0x08, 0xfb, 0xc3, 0x1b, 0x08, 0xfb, 0xc3, 0x25, 0x08, 0xfb, 0xc3, 0x75,
  0x0d, 0xfb, 0xc3, 0xca, 0x09, 0xfb, 0xc3, 0xc4, 0x09, 0xfb, 0xc3, 0x1c,
  0x05, 0xfb, 0xc3, 0x6e, 0x0c, 0xfb, 0xc3, 0x4d, 0x10, 0xc9, 0xc9, 0xc9,
  0xc9, 0xc9, 0xc9, 0xc9, 0xc9, 0xc9, 0xc9, 0xc9, 0xc9, 0xc9, 0xc9, 0xc9,
  0xc9, 0xfb, 0xc3, 0xff, 0x03, 0xfb, 0xc3, 0xd2, 0x09, 0xc9, 0xc9, 0xc9,
  0xc9, 0xc9, 0xc9, 0xc9, 0xc9, 0xfb, 0xc3, 0x61, 0x10, 0xfb, 0xc3, 0xbc,
  0x10, 0xfb, 0xc3, 0xd8, 0x10, 0xfb, 0xc3, 0xef, 0x10, 0xfb, 0xc3, 0x05,
  0x11, 0xc9, 0xc9, 0xc9, 0xc9, 0xc9, 0xc9, 0xc9, 0xc9, 0xc9, 0xc9, 0xc9,
  0xc9, 0xc9, 0xc9, 0xc9, 0xc9, 0xc9, 0xc9, 0xc9, 0xc9, 0xc9, 0xc9, 0xc9,
  0xc9, 0xc9, 0xc9, 0xc9, 0xc9, 0xc9, 0xc9, 0xc9, 0xc9, 0xc9, 0xc9, 0xc9,
  0xc9, 0xc9, 0xc9, 0xc9, 0xc9, 0xc9, 0xc9, 0xc9, 0xc9, 0xfb, 0xc3, 0x7c,
  0x11, 0xfb, 0xc3, 0x8c, 0x11, 0xfb, 0xc3, 0x9e, 0x11, 0xfb, 0xc3, 0xb0,
  0x11, 0xc9, 0xc9, 0xc9, 0xc9, 0xfb, 0xc3, 0x03, 0x12, 0xfb, 0xc3, 0x1c,
  0x12, 0xfb, 0xc3, 0x92, 0x12, 0xfb, 0xc3, 0xf2, 0x12, 0xfb, 0xc3, 0x03,
  0x13, 0xfb, 0xc3, 0x14, 0x13, 0xfb, 0xc3, 0x25, 0x13, 0xfb, 0xc3, 0x36,
  0x13, 0xc9, 0xc9, 0xc9, 0xc9, 0xfb, 0xc3, 0x48, 0x13, 0xc9, 0xc9, 0xc9,
  0xc9, 0xfb, 0xc3, 0x4f, 0x13, 0xc9, 0xc9, 0xc9, 0xc9, 0xc9, 0xc9, 0xc9,
  0xc9, 0xc9, 0xc9, 0xc9, 0xc9, 0xc9, 0xc9, 0xc9, 0xc9, 0xc9, 0xc9, 0xc9,
  0xc9, 0xc9, 0xc9, 0xc9, 0xc9, 0xc9, 0xc9, 0xc9, 0xc9, 0xc9, 0xc9, 0xc9,
  0xc9, 0xc9, 0xc9, 0xc9, 0xc9, 0xc9, 0xc9, 0xc9, 0xc9, 0xc9, 0xc9, 0xc9,
  0xc9, 0xc9, 0xc9, 0xc9, 0xc9, 0xc9, 0xc9, 0xc9, 0xc9, 0xfb, 0xc3, 0x61,
  0x13, 0xfb, 0xc3, 0x7e, 0x13, 0xc9, 0xc9, 0xc9, 0x4f, 0x06, 0x00, 0x09,
  0x09, 0xc3, 0x11, 0x02, 0xbe, 0x23, 0x28, 0x05, 0x23, 0x23, 0x10, 0xf8,
  0xc9, 0x4e, 0x23, 0x66, 0x69, 0xe9, 0x3e, 0x23, 0xd3, 0x2e, 0xcd, 0x22,
  0x02, 0x3e, 0x00, 0xd3, 0x2e, 0xc9, 0x7e, 0x23, 0xb7, 0xc8, 0xd3, 0x2f,
  0x18, 0xf8, 0xe6, 0x0f, 0xfe, 0x0a, 0x30, 0x05, 0xc6, 0x30, 0xd3, 0x2f,
  0xc9, 0xc6, 0x37, 0xd3, 0x2f, 0xc9, 0xf5, 0x0f, 0x0f, 0x0f, 0x0f, 0xcd,
  0x2a, 0x02, 0xf1, 0xcd, 0x2a, 0x02, 0xc9, 0x7c, 0xcd, 0x3a, 0x02, 0x7d,
  0xcd, 0x3a, 0x02, 0xc9, 0xc5, 0xe5, 0xf5, 0x57, 0xa7, 0xf3, 0xfc, 0x6f,
  0x03, 0xf1, 0xe1, 0xe5, 0xd5, 0xe5, 0xf5, 0x7c, 0x07, 0x07, 0xe6, 0x03,
  0x6f, 0x47, 0x3e, 0xfc, 0xcd, 0x89, 0x02, 0x5f, 0x45, 0xf1, 0xe6, 0x03,
  0xcd, 0x89, 0x02, 0x47, 0xdb, 0xa8, 0x57, 0xa3, 0xb0, 0xe1, 0xcd, 0x80,
  0xf3, 0x7b, 0xd1, 0xf5, 0xcb, 0x7a, 0xc4, 0xab, 0x03, 0xf1, 0xe1, 0xc1,
  0xc9, 0x04, 0x05, 0xc8, 0x07, 0x07, 0x10, 0xfc, 0xc9, 0xe5, 0x57, 0xd5,
  0xa7, 0xf3, 0xfc, 0x6f, 0x03, 0xc1, 0xe1, 0xd5, 0xe5, 0x7c, 0x07, 0x07,
  0xe6, 0x03, 0x6f, 0x47, 0x3e, 0xfc, 0xcd, 0x89, 0x02, 0x5f, 0x45, 0x7a,
  0xe6, 0x03, 0xcd, 0x89, 0x02, 0x47, 0xdb, 0xa8, 0x57, 0xa3, 0xb0, 0xe1,
  0x59, 0xcd, 0x85, 0xf3, 0xd1, 0xe5, 0xcb, 0x7a, 0xc4, 0xab, 0x03, 0xe1,
  0xc9, 0x08, 0xd9, 0xf3, 0xfd, 0xe5, 0xf1, 0xdd, 0xe5, 0xe1, 0x57, 0xa7,
  0xfc, 0x6f, 0x03, 0xd5, 0x7a, 0xe6, 0x03, 0x47, 0x0e, 0xfc, 0xdd, 0xe5,
  0xf1, 0x07, 0x07, 0xe6, 0x03, 0x87, 0x28, 0x07, 0xcb, 0x00, 0xcb, 0x01,
  0x3d, 0x20, 0xf9, 0x21, 0xf8, 0x02, 0xe5, 0xdb, 0xa8, 0xf5, 0xa1, 0xb0,
  0xd9, 0xc3, 0x8c, 0xf3, 0x08, 0xd9, 0xf3, 0xd1, 0xcb, 0x7a, 0xc4, 0xab,
  0x03, 0x08, 0xd9, 0xc9, 0xf3, 0xe5, 0x6f, 0xe6, 0x03, 0x47, 0x3e, 0xab,
  0xc6, 0x55, 0x05, 0xf2, 0x0c, 0x03, 0x57, 0x7c, 0x07, 0x07, 0xe6, 0x03,
  0x67, 0x47, 0x3e, 0xc0, 0x07, 0x07, 0x05, 0xf2, 0x1c, 0x03, 0x5f, 0x2f,
  0x4f, 0x7a, 0xa3, 0x47, 0x7d, 0xa7, 0xf2, 0x67, 0x03, 0x0f, 0x0f, 0xe6,
  0x03, 0xe5, 0xc5, 0x47, 0x3e, 0xab, 0xc6, 0x55, 0x05, 0xf2, 0x36, 0x03,
  0xa3, 0x47, 0x7a, 0xe6, 0xc0, 0x67, 0xdb, 0xa8, 0x6f, 0xe6, 0xc0, 0xb4,
  0xd3, 0xa8, 0x3a, 0xff, 0xff, 0x2f, 0xa1, 0xb0, 0x4f, 0x32, 0xff, 0xff,
  0x7d, 0xd3, 0xa8, 0x21, 0xc5, 0xfc, 0x7a, 0xe6, 0x03, 0x85, 0x6f, 0x7c,
  0xce, 0x00, 0x67, 0x79, 0x77, 0xc1, 0xe1, 0xdb, 0xa8, 0xa1, 0xb0, 0xd3,
  0xa8, 0xe1, 0xc9, 0x57, 0x0f, 0x0f, 0x5f, 0xe6, 0xc0, 0x6f, 0xdb, 0xa8,
  0x4f, 0xe6, 0x3f, 0xb5, 0xd3, 0xa8, 0x7b, 0xe6, 0x03, 0x6f, 0x7c, 0x26,
  0x03, 0x18, 0x02, 0x29, 0x29, 0xd6, 0x40, 0x30, 0xfa, 0x7c, 0x2f, 0x67,
  0x3a, 0xff, 0xff, 0x2f, 0x5f, 0xa4, 0xb5, 0x32, 0xff, 0xff, 0x6f, 0x79,
  0xd3, 0xa8, 0x7a, 0xe6, 0x03, 0x4f, 0x06, 0x00, 0x7d, 0x21, 0xc5, 0xfc,
  0x09, 0x77, 0xc9, 0x7a, 0x0f, 0x0f, 0xe6, 0xc0, 0x47, 0xdb, 0xa8, 0x4f,
  0xe6, 0x3f, 0xb0, 0xd3, 0xa8, 0x7b, 0x32, 0xff, 0xff, 0x79, 0xd3, 0xa8,
  0x7a, 0xe6, 0x03, 0x4f, 0x06, 0x00, 0x21, 0xc5, 0xfc, 0x09, 0x73, 0xc9,
  0xd3, 0xa8, 0x5e, 0x18, 0x03, 0xd3, 0xa8, 0x73, 0x7a, 0xd3, 0xa8, 0xc9,
  0xd3, 0xa8, 0x08, 0xcd, 0x98, 0xf3, 0x08, 0xf1, 0xd3, 0xa8, 0x08, 0xc9,
  0xdd, 0xe9, 0x00, 0x3a, 0xe0, 0xf3, 0xe6, 0xbf, 0x47, 0x0e, 0x01, 0xcd,
  0xff, 0x03, 0xc9, 0x3a, 0xe0, 0xf3, 0xf6, 0x40, 0x47, 0x0e, 0x01, 0xcd,
  0xff, 0x03, 0xc9, 0xf3, 0xcb, 0xb9, 0x78, 0xd3, 0x99, 0x79, 0xf6, 0x80,
  0xd3, 0x99, 0xfb, 0xe5, 0x21, 0xdf, 0xf3, 0x79, 0xfe, 0x08, 0x38, 0x07,
  0xfe, 0x18, 0x30, 0x08, 0x21, 0xdf, 0xff, 0x78, 0x06, 0x00, 0x09, 0x77,
  0xe1, 0xc9, 0xcd, 0x30, 0x04, 0xdb, 0x98, 0xc9, 0xf5, 0xcd, 0x42, 0x04,
  0xf1, 0xd3, 0x98, 0xc9, 0xf3, 0xaf, 0xd3, 0x99, 0x3e, 0x8e, 0xd3, 0x99,
  0x7d, 0xd3, 0x99, 0x7c, 0xe6, 0x3f, 0xd3, 0x99, 0xfb, 0xc9, 0xf3, 0xaf,
  0xd3, 0x99, 0x3e, 0x8e, 0xd3, 0x99, 0x7d, 0xd3, 0x99, 0x7c, 0xe6, 0x3f,
  0xf6, 0x40, 0xd3, 0x99, 0xfb, 0xc9, 0xf5, 0x3a, 0xaf, 0xfc, 0xfe, 0x05,
  0x30, 0x05, 0xcd, 0x42, 0x04, 0x18, 0x03, 0xcd, 0x88, 0x09, 0x0b, 0x0c,
  0x78, 0x41, 0x4f, 0x0c, 0xf1, 0xd3, 0x98, 0x10, 0xfc, 0x0d, 0x20, 0xf9,
  0xc9, 0x3a, 0xaf, 0xfc, 0xfe, 0x04, 0x30, 0x05, 0xcd, 0x30, 0x04, 0x18,
  0x03, 0xcd, 0x7e, 0x09, 0xe5, 0xeb, 0x0b, 0x0c, 0x78, 0x41, 0x3c, 0x0e,
  0x98, 0xed, 0xb2, 0x3d, 0x20, 0xfb, 0xe1, 0xc9, 0xeb, 0x3a, 0xaf, 0xfc,
  0xfe, 0x04, 0x30, 0x05, 0xcd, 0x42, 0x04, 0x18, 0x03, 0xcd, 0x88, 0x09,
  0xeb, 0x0b, 0x0c, 0x78, 0x41, 0x3c, 0x0e, 0x98, 0xed, 0xb3, 0x3d, 0x20,
  0xfb, 0xeb, 0xc9, 0xfe, 0x09, 0xd0, 0x21, 0xbc, 0x04, 0xc3, 0x00, 0x02,
  0xc5, 0x05, 0x16, 0x06, 0x60, 0x06, 0xa5, 0x06, 0x73, 0x0a, 0xfd, 0x0a,
  0x5b, 0x0b, 0xb7, 0x0b, 0x13, 0x0c, 0x21, 0xe8, 0xff, 0x3a, 0xaf, 0xfc,
  0xfe, 0x05, 0x30, 0x04, 0xcb, 0xbe, 0x18, 0x02, 0xcb, 0xfe, 0xaf, 0x32,
  0xec, 0xff, 0xaf, 0x32, 0xf6, 0xff, 0xf3, 0x21, 0xdf, 0xf3, 0x01, 0x99,
  0x08, 0x16, 0x80, 0xed, 0xa3, 0x78, 0xed, 0x51, 0x14, 0xb7, 0x20, 0xf7,
  0x3e, 0x08, 0xd3, 0x99, 0x3e, 0x91, 0xd3, 0x99, 0x21, 0xe7, 0xff, 0x01,
  0x9b, 0x07, 0xed, 0xb3, 0x23, 0x23, 0x23, 0x3e, 0x12, 0xd3, 0x99, 0x3e,
  0x91, 0xd3, 0x99, 0x01, 0x9b, 0x06, 0xed, 0xb3, 0xfb, 0xc3, 0xf3, 0x03,
  0x3a, 0xaf, 0xfc, 0xfe, 0x08, 0x28, 0x3a, 0x3d, 0xf5, 0x3a, 0xe9, 0xf3,
  0x07, 0x07, 0x07, 0x07, 0xe6, 0xf0, 0x6f, 0x3a, 0xeb, 0xf3, 0xb5, 0x47,
  0x0e, 0x07, 0xcd, 0xff, 0x03, 0xf1, 0xc0, 0x3a, 0xe9, 0xf3, 0x07, 0x07,
  0x07, 0x07, 0xe6, 0xf0, 0x21, 0xea, 0xf3, 0xb6, 0x2a, 0xbf, 0xf3, 0x01,
  0x20, 0x00, 0xf5, 0xcd, 0x42, 0x04, 0xf1, 0xd3, 0x98, 0xf5, 0x0b, 0x78,
  0xb1, 0x20, 0xf7, 0xf1, 0xc9, 0x3a, 0xeb, 0xf3, 0x47, 0x0e, 0x07, 0xc3,
  0xff, 0x03, 0x3a, 0xaf, 0xfc, 0xb7, 0xc8, 0xcd, 0x90, 0x05, 0x3a, 0xaf,
  0xfc, 0xfe, 0x04, 0x38, 0x10, 0x2a, 0x28, 0xf9, 0x25, 0x25, 0x01, 0x00,
  0x02, 0x3a, 0xe9, 0xf3, 0xe6, 0x0f, 0xcd, 0x69, 0x09, 0x2a, 0x26, 0xf9,
  0x01, 0x00, 0x08, 0xaf, 0xcd, 0x69, 0x09, 0xc9, 0x3a, 0xaf, 0xfc, 0xfe,
  0x04, 0x38, 0x04, 0x1e, 0xd9, 0x18, 0x02, 0x1e, 0xd1, 0x2a, 0x28, 0xf9,
  0xcd, 0x88, 0x09, 0x3a, 0xe9, 0xf3, 0x57, 0x01, 0x00, 0x20, 0xf3, 0x7b,
  0xd3, 0x98, 0x3e, 0x00, 0xd3, 0x98, 0x79, 0xd3, 0x98, 0x0c, 0xcd, 0x25,
  0x08, 0x30, 0x03, 0x0c, 0x0c, 0x0c, 0x7a, 0xd3, 0x98, 0x10, 0xe8, 0xfb,
  0xc9, 0xcd, 0xe7, 0x03, 0x3e, 0x00, 0x32, 0xaf, 0xfc, 0x32, 0xb0, 0xfc,
  0xaf, 0x32, 0xf5, 0xfa, 0x32, 0xf6, 0xfa, 0x3a, 0xae, 0xf3, 0x32, 0xb0,
  0xf3, 0x3e, 0x01, 0x32, 0xdc, 0xf3, 0x32, 0xdd, 0xf3, 0x2a, 0xb3, 0xf3,
  0x22, 0x22, 0xf9, 0x2a, 0xb7, 0xf3, 0x3a, 0xb0, 0xf3, 0xfe, 0x29, 0x38,
  0x03, 0x21, 0x00, 0x10, 0x22, 0x24, 0xf9, 0x2a, 0xb9, 0xf3, 0x22, 0x28,
  0xf9, 0x2a, 0xbb, 0xf3, 0x22, 0x26, 0xf9, 0xcd, 0x1c, 0x05, 0xcd, 0xf8,
  0x06, 0xcd, 0x5c, 0x0a, 0xcd, 0x8f, 0x0c, 0xc3, 0xce, 0x04, 0xcd, 0xe7,
  0x03, 0x3e, 0x01, 0x32, 0xaf, 0xfc, 0x32, 0xb0, 0xfc, 0x3e, 0x01, 0x32,
  0xdc, 0xf3, 0x32, 0xdd, 0xf3, 0xcd, 0x1c, 0x05, 0x2a, 0xbd, 0xf3, 0x22,
  0x22, 0xf9, 0x2a, 0xc1, 0xf3, 0x22, 0x24, 0xf9, 0x2a, 0xc5, 0xf3, 0x22,
  0x26, 0xf9, 0x2a, 0xc3, 0xf3, 0x22, 0x28, 0xf9, 0xcd, 0x5c, 0x0a, 0x3a,
  0xaf, 0xf3, 0x32, 0xb0, 0xf3, 0xaf, 0x32, 0xf5, 0xfa, 0x32, 0xf6, 0xfa,
  0xcd, 0x50, 0x07, 0xcd, 0x9b, 0x05, 0xcd, 0x9e, 0x0c, 0xc3, 0xce, 0x04,
  0xcd, 0xe7, 0x03, 0x3e, 0x02, 0x32, 0xaf, 0xfc, 0xcd, 0x1c, 0x05, 0x2a,
  0xc7, 0xf3, 0x22, 0x22, 0xf9, 0xcd, 0x42, 0x04, 0x06, 0x03, 0xaf, 0xf3,
  0xd3, 0x98, 0x3c, 0x20, 0xfb, 0x10, 0xf9, 0xfb, 0x2a, 0xcb, 0xf3, 0x22,
  0x24, 0xf9, 0x2a, 0xcd, 0xf3, 0x22, 0x28, 0xf9, 0x2a, 0xcf, 0xf3, 0x22,
  0x26, 0xf9, 0xaf, 0x32, 0xf5, 0xfa, 0x32, 0xf6, 0xfa, 0xcd, 0x7f, 0x07,
  0xcd, 0x9b, 0x05, 0xcd, 0xbd, 0x0c, 0xc3, 0xce, 0x04, 0xcd, 0xe7, 0x03,
  0x3e, 0x03, 0x32, 0xaf, 0xfc, 0xcd, 0x1c, 0x05, 0x2a, 0xd1, 0xf3, 0x22,
  0x22, 0xf9, 0xcd, 0x42, 0x04, 0xaf, 0x0e, 0x06, 0xf3, 0xf5, 0x1e, 0x04,
  0xf5, 0x06, 0x20, 0xd3, 0x98, 0x3c, 0x10, 0xfb, 0xf1, 0x1d, 0x20, 0xf4,
  0xf1, 0xc6, 0x20, 0x0d, 0x20, 0xeb, 0xfb, 0x2a, 0xd5, 0xf3, 0x22, 0x24,
  0xf9, 0x2a, 0xd7, 0xf3, 0x22, 0x28, 0xf9, 0x2a, 0xd9, 0xf3, 0x22, 0x26,
  0xf9, 0xaf, 0x32, 0xf5, 0xfa, 0x32, 0xf6, 0xfa, 0xcd, 0xb2, 0x07, 0xcd,
  0x9b, 0x05, 0xcd, 0xd3, 0x0c, 0xc3, 0xce, 0x04, 0x3a, 0xb0, 0xf3, 0xfe,
  0x29, 0x30, 0x28, 0x3a, 0xdf, 0xf3, 0xe6, 0xf1, 0x47, 0x0e, 0x00, 0xcd,
  0xff, 0x03, 0x3a, 0xe0, 0xf3, 0xe6, 0xe7, 0xf6, 0x10, 0x47, 0x0c, 0xcd,
  0xff, 0x03, 0x11, 0xb3, 0xf3, 0x0e, 0x02, 0xaf, 0xcd, 0xe3, 0x07, 0x13,
  0x13, 0x0c, 0xaf, 0xcd, 0xe3, 0x07, 0xc9, 0x3a, 0xdf, 0xf3, 0xe6, 0xf1,
  0xf6, 0x04, 0x47, 0x0e, 0x00, 0xcd, 0xff, 0x03, 0x3a, 0xe0, 0xf3, 0xe6,
  0xe7, 0xf6, 0x10, 0x47, 0x0c, 0xcd, 0xff, 0x03, 0x11, 0x22, 0xf9, 0x0e,
  0x02, 0x3e, 0x03, 0xcd, 0xe3, 0x07, 0x0c, 0xaf, 0xcd, 0xe3, 0x07, 0xc9,
  0x3a, 0xdf, 0xf3, 0xe6, 0xf1, 0x47, 0x0e, 0x00, 0xcd, 0xff, 0x03, 0x3a,
  0xe0, 0xf3, 0xe6, 0xe7, 0x47, 0x0c, 0xcd, 0xff, 0x03, 0x11, 0xbd, 0xf3,
  0x0e, 0x02, 0xaf, 0xcd, 0xe3, 0x07, 0xaf, 0xcd, 0xe3, 0x07, 0xaf, 0xcd,
  0xe3, 0x07, 0xaf, 0xcd, 0xe3, 0x07, 0xaf, 0xcd, 0xe3, 0x07, 0xc9, 0x3a,
  0xdf, 0xf3, 0xe6, 0xf1, 0xf6, 0x02, 0x47, 0x0e, 0x00, 0xcd, 0xff, 0x03,
  0x3a, 0xe0, 0xf3, 0xe6, 0xe7, 0x47, 0x0c, 0xcd, 0xff, 0x03, 0x11, 0xc7,
  0xf3, 0x0e, 0x02, 0xaf, 0xcd, 0xe3, 0x07, 0x3e, 0x7f, 0xcd, 0xe3, 0x07,
  0x3e, 0x03, 0xcd, 0xe3, 0x07, 0xaf, 0xcd, 0xe3, 0x07, 0xaf, 0xcd, 0xe3,
  0x07, 0xc9, 0x3a, 0xdf, 0xf3, 0xe6, 0xf1, 0x47, 0x0e, 0x00, 0xcd, 0xff,
  0x03, 0x3a, 0xe0, 0xf3, 0xe6, 0xe7, 0xf6, 0x08, 0x47, 0x0c, 0xcd, 0xff,
  0x03, 0x11, 0xd1, 0xf3, 0x0e, 0x02, 0xaf, 0xcd, 0xe3, 0x07, 0xaf, 0xcd,
  0xe3, 0x07, 0xaf, 0xcd, 0xe3, 0x07, 0xaf, 0xcd, 0xe3, 0x07, 0xaf, 0xcd,
  0xe3, 0x07, 0xc9, 0xd5, 0xf5, 0x21, 0x01, 0x08, 0x06, 0x00, 0x09, 0x46,
  0xeb, 0x7e, 0x23, 0x66, 0x6f, 0x29, 0x8f, 0x10, 0xfc, 0x47, 0xf1, 0xb0,
  0x47, 0xcd, 0xff, 0x03, 0xd1, 0x13, 0x13, 0x0c, 0xc9, 0x00, 0x00, 0x06,
  0x0a, 0x05, 0x09, 0x05, 0x26, 0x00, 0x6f, 0x29, 0x29, 0x29, 0xcd, 0x25,
  0x08, 0x30, 0x02, 0x29, 0x29, 0xed, 0x5b, 0x26, 0xf9, 0x19, 0xc9, 0x87,
  0x87, 0x2a, 0x28, 0xf9, 0x16, 0x00, 0x5f, 0x19, 0xc9, 0x3a, 0xe0, 0xf3,
  0x0f, 0x0f, 0x3e, 0x08, 0xd0, 0x3e, 0x20, 0xc9, 0xf5, 0xfe, 0x20, 0x38,
  0x0d, 0x3a, 0xaf, 0xfc, 0xfe, 0x02, 0x28, 0x22, 0xfe, 0x05, 0x30, 0x1c,
  0xf1, 0xc9, 0xfe, 0x0d, 0x20, 0xfa, 0xf1, 0xe5, 0xc5, 0x2a, 0xb9, 0xfc,
  0x01, 0x08, 0x00, 0x09, 0x22, 0xb9, 0xfc, 0x21, 0x00, 0x00, 0x22, 0xb7,
  0xfc, 0xc1, 0xe1, 0xc9, 0xf1, 0xc9, 0xf1, 0xe5, 0xd5, 0xc5, 0xf5, 0xcd,
  0x75, 0x0d, 0xed, 0x5b, 0xb9, 0xfc, 0xed, 0x4b, 0xb7, 0xfc, 0xcd, 0x0c,
  0x0e, 0x3a, 0xe9, 0xf3, 0x32, 0xf2, 0xf3, 0x2a, 0x2a, 0xf9, 0xed, 0x4b,
  0xcb, 0xf3, 0x09, 0x11, 0x40, 0xfc, 0x3a, 0xb9, 0xfc, 0xe6, 0x07, 0x06,
  0x00, 0x4f, 0x09, 0xcd, 0xab, 0x08, 0x01, 0xf0, 0x00, 0x09, 0x3a, 0xb9,
  0xfc, 0x2f, 0xe6, 0x07, 0x4f, 0xcd, 0xab, 0x08, 0x2a, 0xb7, 0xfc, 0x01,
  0x08, 0x00, 0x09, 0x22, 0xb7, 0xfc, 0xf1, 0xc1, 0xd1, 0xe1, 0xc9, 0x3a,
  0xb7, 0xfc, 0xe6, 0x07, 0xf5, 0xc5, 0xd5, 0xe5, 0xcd, 0x34, 0x09, 0x3a,
  0xb7, 0xfc, 0xe6, 0x07, 0x28, 0x1a, 0x3a, 0x2c, 0xf9, 0x2f, 0x32, 0x2c,
  0xf9, 0xe1, 0x01, 0x08, 0x00, 0x09, 0xd1, 0xc1, 0xf1, 0xcd, 0x34, 0x09,
  0x3a, 0x2c, 0xf9, 0x2f, 0x32, 0x2c, 0xf9, 0xc9, 0xc1, 0x01, 0x08, 0x00,
  0x09, 0xc1, 0xc1, 0xf1, 0xc9, 0xf5, 0xe5, 0xc5, 0xd5, 0x57, 0x58, 0xed,
  0x4b, 0xc9, 0xf3, 0x09, 0x4f, 0x3a, 0xf2, 0xf3, 0xe6, 0x0f, 0x47, 0xcd,
  0x22, 0x04, 0xf5, 0xe6, 0x0f, 0xb8, 0x28, 0x11, 0xf1, 0xf5, 0x0f, 0x0f,
  0x0f, 0x0f, 0xe6, 0x0f, 0xb8, 0x20, 0x0d, 0xf1, 0xd1, 0xc1, 0xe1, 0xf1,
  0xc9, 0xf1, 0xd1, 0xc1, 0xe1, 0xf1, 0x2f, 0xc9, 0x7a, 0xb3, 0xfe, 0xff,
  0x28, 0x11, 0xf1, 0xcb, 0x00, 0xcb, 0x00, 0xcb, 0x00, 0xcb, 0x00, 0xe6,
  0x0f, 0xb0, 0xcd, 0x28, 0x04, 0x18, 0xdd, 0xf1, 0xe6, 0xf0, 0xb0, 0xcd,
  0x28, 0x04, 0x18, 0xda, 0x41, 0x3c, 0x4f, 0x3e, 0x07, 0xa8, 0x3c, 0x47,
  0xc5, 0xcd, 0x22, 0x04, 0x47, 0x1a, 0xcd, 0xe1, 0x08, 0x0d, 0x28, 0x03,
  0x0f, 0x18, 0xfa, 0x4f, 0x3a, 0x2c, 0xf9, 0xa1, 0x4f, 0x78, 0xb1, 0xcd,
  0x28, 0x04, 0x23, 0x13, 0xc1, 0x10, 0xe1, 0xc9, 0x47, 0x52, 0x50, 0x50,
  0x52, 0x54, 0x00, 0x3a, 0xaf, 0xfc, 0xfe, 0x05, 0xc9, 0xf5, 0xcd, 0x88,
  0x09, 0x0b, 0x0c, 0x78, 0x41, 0x4f, 0x0c, 0xf1, 0xf3, 0xd3, 0x98, 0x10,
  0xfc, 0x0d, 0x20, 0xf9, 0xfb, 0xc9, 0xcd, 0x94, 0x09, 0x7c, 0xe6, 0x3f,
  0xd3, 0x99, 0xfb, 0xc9, 0xcd, 0x94, 0x09, 0x7c, 0xe6, 0x3f, 0xf6, 0x40,
  0xd3, 0x99, 0xfb, 0xc9, 0x3a, 0xf6, 0xfa, 0xb7, 0x28, 0x10, 0x3a, 0xaf,
  0xfc, 0xfe, 0x05, 0xda, 0x42, 0x04, 0xfe, 0x07, 0x3a, 0xf6, 0xfa, 0x38,
  0x01, 0x87, 0xe5, 0xe6, 0x03, 0x0f, 0x6f, 0xe6, 0x80, 0xac, 0x17, 0xcb,
  0x15, 0x17, 0x7d, 0x17, 0xf3, 0xd3, 0x99, 0x3e, 0x8e, 0xd3, 0x99, 0xe1,
  0x7d, 0xd3, 0x99, 0xc9, 0xcd, 0x7e, 0x09, 0xdb, 0x98, 0xc9, 0xf5, 0xcd,
  0x88, 0x09, 0xf1, 0xd3, 0x98, 0xc9, 0xf3, 0xd3, 0x99, 0x3e, 0x8f, 0xd3,
  0x99, 0xdb, 0x99, 0xf5, 0xaf, 0xd3, 0x99, 0x3e, 0x8f, 0xd3, 0x99, 0xfb,
  0xf1, 0xc9, 0xdb, 0x99, 0x01, 0x00, 0x00, 0xcd, 0xff, 0x03, 0x01, 0x01,
  0xe0, 0xcd, 0xff, 0x03, 0x01, 0x02, 0x00, 0xcd, 0xff, 0x03, 0x01, 0x03,
  0x80, 0xcd, 0xff, 0x03, 0x01, 0x04, 0x01, 0xcd, 0xff, 0x03, 0x01, 0x08,
  0x08, 0xcd, 0xff, 0x03, 0x3e, 0x01, 0x32, 0xdc, 0xf3, 0x32, 0xdd, 0xf3,
  0xcd, 0x9e, 0x0c, 0x3e, 0x00, 0x21, 0x00, 0x08, 0x01, 0x00, 0x08, 0xcd,
  0x56, 0x04, 0x3e, 0xf5, 0x21, 0x00, 0x20, 0x01, 0x20, 0x00, 0xcd, 0x56,
  0x04, 0x01, 0x07, 0xf5, 0xcd, 0xff, 0x03, 0x21, 0xbf, 0x1b, 0x11, 0x00,
  0x08, 0x01, 0x00, 0x08, 0xfd, 0x2a, 0xc0, 0xfc, 0xdd, 0x21, 0x5c, 0x00,
  0xcd, 0xc5, 0x02, 0xfb, 0xc9, 0x01, 0x14, 0x00, 0xcd, 0xff, 0x03, 0x01,
  0x15, 0x3b, 0xcd, 0xff, 0x03, 0x01, 0x16, 0x05, 0xcd, 0xff, 0x03, 0xc9,
  0x21, 0xbf, 0x1b, 0xed, 0x5b, 0x24, 0xf9, 0x01, 0x00, 0x08, 0xfd, 0x2a,
  0xc0, 0xfc, 0xdd, 0x21, 0x5c, 0x00, 0xcd, 0xc5, 0x02, 0xfb, 0xc9, 0xcd,
  0xe7, 0x03, 0x3e, 0x04, 0x32, 0xaf, 0xfc, 0xcd, 0x1c, 0x05, 0x2a, 0xc7,
  0xf3, 0x22, 0x22, 0xf9, 0xcd, 0x42, 0x04, 0x06, 0x03, 0xaf, 0xf3, 0xd3,
  0x98, 0x3c, 0x20, 0xfb, 0x10, 0xf9, 0xfb, 0x2a, 0xcb, 0xf3, 0x22, 0x24,
  0xf9, 0x2a, 0xcd, 0xf3, 0x22, 0x28, 0xf9, 0x2a, 0xcf, 0xf3, 0x22, 0x26,
  0xf9, 0x3a, 0xdf, 0xf3, 0xe6, 0xf1, 0xf6, 0x04, 0x47, 0x0e, 0x00, 0xcd,
  0xff, 0x03, 0x3a, 0xe0, 0xf3, 0xe6, 0xe7, 0x47, 0x0c, 0xcd, 0xff, 0x03,
  0x01, 0x0e, 0x00, 0xcd, 0xff, 0x03, 0x11, 0xc7, 0xf3, 0x0e, 0x02, 0xaf,
  0xcd, 0xe3, 0x07, 0x3e, 0x7f, 0xcd, 0xe3, 0x07, 0x3e, 0x03, 0xcd, 0xe3,
  0x07, 0x11, 0xfb, 0x0a, 0x3e, 0x03, 0xcd, 0xe3, 0x07, 0x11, 0xcf, 0xf3,
  0xaf, 0xcd, 0xe3, 0x07, 0x21, 0xe9, 0xff, 0x36, 0x00, 0x23, 0x36, 0x00,
  0xcd, 0x9b, 0x05, 0x01, 0x0e, 0x00, 0xcd, 0xff, 0x03, 0xcd, 0xbd, 0x0c,
  0xc3, 0xce, 0x04, 0x00, 0x1e, 0xcd, 0xe7, 0x03, 0x3e, 0x05, 0x32, 0xaf,
  0xfc, 0xcd, 0x1c, 0x05, 0x3a, 0xdf, 0xf3, 0xe6, 0xf1, 0xf6, 0x06, 0x47,
  0x0e, 0x00, 0xcd, 0xff, 0x03, 0x3a, 0xe0, 0xf3, 0xe6, 0xe7, 0xf6, 0x20,
  0x47, 0x0c, 0xcd, 0xff, 0x03, 0x21, 0x00, 0x00, 0x22, 0x22, 0xf9, 0x21,
  0x00, 0x78, 0x22, 0x26, 0xf9, 0x21, 0x00, 0x76, 0x22, 0x28, 0xf9, 0xaf,
  0x32, 0xf5, 0xfa, 0x32, 0xf6, 0xfa, 0x01, 0x02, 0x1f, 0xcd, 0xff, 0x03,
  0x01, 0x05, 0xef, 0xcd, 0xff, 0x03, 0x01, 0x0b, 0x00, 0xcd, 0xff, 0x03,
  0x01, 0x06, 0x0f, 0xcd, 0xff, 0x03, 0xcd, 0x97, 0x05, 0xcd, 0xe7, 0x0c,
  0xc3, 0xce, 0x04, 0xcd, 0xe7, 0x03, 0x3e, 0x06, 0x32, 0xaf, 0xfc, 0xcd,
  0x1c, 0x05, 0x3a, 0xdf, 0xf3, 0xe6, 0xf1, 0xf6, 0x08, 0x47, 0x0e, 0x00,
  0xcd, 0xff, 0x03, 0x3a, 0xe0, 0xf3, 0xe6, 0xe7, 0x47, 0x0c, 0xcd, 0xff,
  0x03, 0x21, 0x00, 0x00, 0x22, 0x22, 0xf9, 0x21, 0x00, 0x78, 0x22, 0x26,
  0xf9, 0x21, 0x00, 0x76, 0x22, 0x28, 0xf9, 0xaf, 0x32, 0xf5, 0xfa, 0x32,
  0xf6, 0xfa, 0x01, 0x02, 0x1f, 0xcd, 0xff, 0x03, 0x01, 0x05, 0xef, 0xcd,
  0xff, 0x03, 0x01, 0x0b, 0x00, 0xcd, 0xff, 0x03, 0x01, 0x06, 0x0f, 0xcd,
  0xff, 0x03, 0xcd, 0x97, 0x05, 0xcd, 0xf7, 0x0c, 0xc3, 0xce, 0x04, 0xcd,
  0xe7, 0x03, 0x3e, 0x07, 0x32, 0xaf, 0xfc, 0xcd, 0x1c, 0x05, 0x3a, 0xdf,
  0xf3, 0xe6, 0xf1, 0xf6, 0x0a, 0x47, 0x0e, 0x00, 0xcd, 0xff, 0x03, 0x3a,
  0xe0, 0xf3, 0xe6, 0xe7, 0x47, 0x0c, 0xcd, 0xff, 0x03, 0x21, 0x00, 0x00,
  0x22, 0x22, 0xf9, 0x21, 0x00, 0xf0, 0x22, 0x26, 0xf9, 0x21, 0x00, 0xfa,
  0x22, 0x28, 0xf9, 0xaf, 0x32, 0xf5, 0xfa, 0x32, 0xf6, 0xfa, 0x01, 0x02,
  0x1f, 0xcd, 0xff, 0x03, 0x01, 0x05, 0xf7, 0xcd, 0xff, 0x03, 0x01, 0x0b,
  0x01, 0xcd, 0xff, 0x03, 0x01, 0x06, 0x1e, 0xcd, 0xff, 0x03, 0xcd, 0x97,
  0x05, 0xcd, 0x0a, 0x0d, 0xc3, 0xce, 0x04, 0xcd, 0xe7, 0x03, 0x3e, 0x08,
  0x32, 0xaf, 0xfc, 0xcd, 0x1c, 0x05, 0x3a, 0xdf, 0xf3, 0xf6, 0x0e, 0x47,
  0x0e, 0x00, 0xcd, 0xff, 0x03, 0x3a, 0xe0, 0xf3, 0xe6, 0xe7, 0x47, 0x0c,
  0xcd, 0xff, 0x03, 0x21, 0x00, 0x00, 0x22, 0x22, 0xf9, 0x21, 0x00, 0xf0,
  0x22, 0x26, 0xf9, 0x21, 0x00, 0xfa, 0x22, 0x28, 0xf9, 0xaf, 0x32, 0xf5,
  0xfa, 0x32, 0xf6, 0xfa, 0x01, 0x02, 0x1f, 0xcd, 0xff, 0x03, 0x01, 0x05,
  0xf7, 0xcd, 0xff, 0x03, 0x01, 0x0b, 0x01, 0xcd, 0xff, 0x03, 0x01, 0x06,
  0x1e, 0xcd, 0xff, 0x03, 0xcd, 0x97, 0x05, 0xcd, 0x1a, 0x0d, 0xc3, 0xce,
  0x04, 0xc0, 0x3a, 0xaf, 0xfc, 0xfe, 0x09, 0xd0, 0xe5, 0x21, 0x7d, 0x0c,
  0xcd, 0x00, 0x02, 0xe1, 0xc9, 0x8f, 0x0c, 0x9e, 0x0c, 0xbd, 0x0c, 0xd3,
  0x0c, 0xbd, 0x0c, 0xe7, 0x0c, 0xf7, 0x0c, 0x0a, 0x0d, 0x1a, 0x0d, 0x3a,
  0xb0, 0xf3, 0xfe, 0x28, 0x01, 0xc0, 0x03, 0x38, 0x08, 0x01, 0x80, 0x07,
  0x18, 0x03, 0x01, 0x00, 0x03, 0x2a, 0x22, 0xf9, 0x3e, 0x20, 0xcd, 0x56,
  0x04, 0x21, 0x01, 0x01, 0x22, 0xdc, 0xf3, 0x7d, 0x21, 0xb2, 0xfb, 0x77,
  0x11, 0xb3, 0xfb, 0x01, 0x17, 0x00, 0xed, 0xb0, 0xc9, 0xaf, 0x01, 0x00,
  0x18, 0x2a, 0x24, 0xf9, 0x6f, 0xc5, 0xcd, 0x56, 0x04, 0xc1, 0x3a, 0xea,
  0xf3, 0x2a, 0xc9, 0xf3, 0xc3, 0x56, 0x04, 0x3a, 0xea, 0xf3, 0xe6, 0x0f,
  0x47, 0x07, 0x07, 0x07, 0x07, 0xb0, 0x01, 0x00, 0x08, 0x2a, 0x24, 0xf9,
  0xc3, 0x56, 0x04, 0x3a, 0xea, 0xf3, 0xe6, 0x0f, 0x47, 0x07, 0x07, 0x07,
  0x07, 0xb0, 0x21, 0x00, 0x01, 0x18, 0x29, 0x3a, 0xea, 0xf3, 0xe6, 0x03,
  0x47, 0x07, 0x07, 0xb0, 0x07, 0x07, 0x07, 0x07, 0xb0, 0x21, 0x00, 0x02,
  0x18, 0x16, 0x3a, 0xea, 0xf3, 0xe6, 0x0f, 0x47, 0x07, 0x07, 0x07, 0x07,
  0xb0, 0x21, 0x00, 0x02, 0x18, 0x06, 0x3a, 0xea, 0xf3, 0x21, 0x00, 0x01,
  0xf5, 0xcd, 0x6c, 0x0d, 0xf1, 0x0e, 0x2c, 0xcd, 0x62, 0x0d, 0x0e, 0x28,
  0xcd, 0x5c, 0x0d, 0x21, 0xd4, 0x00, 0x0e, 0x2a, 0xcd, 0x5c, 0x0d, 0x21,
  0x00, 0x00, 0x0e, 0x24, 0xcd, 0x5c, 0x0d, 0x3a, 0xf6, 0xfa, 0x67, 0x2e,
  0x00, 0x0e, 0x26, 0xcd, 0x5c, 0x0d, 0x3e, 0x00, 0x0e, 0x2d, 0xcd, 0x62,
  0x0d, 0x3e, 0xc0, 0x0e, 0x2e, 0xcd, 0x62, 0x0d, 0xcd, 0x6c, 0x0d, 0xc9,
  0x7d, 0xcd, 0x62, 0x0d, 0x0c, 0x7c, 0xf3, 0xd3, 0x99, 0x79, 0xf6, 0x80,
  0xd3, 0x99, 0xfb, 0xc9, 0x3e, 0x02, 0xcd, 0xd2, 0x09, 0x1f, 0x38, 0xf8,
  0xc9, 0xed, 0x4b, 0x20, 0xf9, 0x6f, 0x26, 0x00, 0x29, 0x29, 0x29, 0x09,
  0x06, 0x08, 0x11, 0x40, 0xfc, 0xc5, 0xd5, 0xe5, 0x3a, 0x1f, 0xf9, 0xcd,
  0x50, 0x02, 0xe1, 0xd1, 0xc1, 0x12, 0x13, 0x23, 0x10, 0xef, 0xc9, 0xe5,
  0xf5, 0x21, 0xa2, 0x0d, 0xcd, 0x16, 0x02, 0xf1, 0xe1, 0xc9, 0x52, 0x49,
  0x47, 0x48, 0x54, 0x43, 0x00, 0xe5, 0xf5, 0x21, 0xb4, 0x0d, 0xcd, 0x16,
  0x02, 0xf1, 0xe1, 0xc9, 0x4c, 0x45, 0x46, 0x54, 0x43, 0x00, 0xe5, 0xf5,
  0x21, 0xc5, 0x0d, 0xcd, 0x16, 0x02, 0xf1, 0xe1, 0xc9, 0x55, 0x50, 0x43,
  0x00, 0xe5, 0xf5, 0x21, 0xd4, 0x0d, 0xcd, 0x16, 0x02, 0xf1, 0xe1, 0xc9,
  0x54, 0x55, 0x50, 0x43, 0x00, 0xe5, 0xf5, 0x21, 0xe4, 0x0d, 0xcd, 0x16,
  0x02, 0xf1, 0xe1, 0xc9, 0x44, 0x4f, 0x57, 0x4e, 0x43, 0x00, 0xe5, 0xf5,
  0x21, 0xf5, 0x0d, 0xcd, 0x16, 0x02, 0xf1, 0xe1, 0xc9, 0x54, 0x44, 0x4f,
  0x57, 0x4e, 0x43, 0x00, 0xed, 0x4b, 0xb7, 0xfc, 0xed, 0x5b, 0xb9, 0xfc,
  0xc9, 0x53, 0x43, 0x41, 0x4c, 0x58, 0x59, 0x00, 0xc5, 0xed, 0x43, 0xb7,
  0xfc, 0xed, 0x53, 0xb9, 0xfc, 0x2a, 0xb9, 0xfc, 0x29, 0x29, 0x29, 0x29,
  0x29, 0x2e, 0x00, 0x06, 0x00, 0x3e, 0xff, 0x32, 0x2c, 0xf9, 0x79, 0xe6,
  0x07, 0x28, 0x0a, 0x47, 0x3e, 0xff, 0xa7, 0x1f, 0x10, 0xfc, 0x32, 0x2c,
  0xf9, 0x79, 0xe6, 0xf8, 0x4f, 0x06, 0x00, 0x09, 0x22, 0x2a, 0xf9, 0xc1,
  0xc9, 0x4d, 0x41, 0x50, 0x58, 0x59, 0x00, 0x3a, 0x2c, 0xf9, 0x2a, 0x2a,
  0xf9, 0xc9, 0x46, 0x45, 0x54, 0x43, 0x48, 0x43, 0x00, 0xe5, 0xf5, 0x21,
  0x60, 0x0e, 0xcd, 0x16, 0x02, 0xf1, 0xe1, 0xc9, 0x53, 0x54, 0x4f, 0x52,
  0x45, 0x43, 0x00, 0xe5, 0xf5, 0x21, 0x72, 0x0e, 0xcd, 0x16, 0x02, 0xf1,
  0xe1, 0xc9, 0x53, 0x45, 0x54, 0x41, 0x54, 0x52, 0x00, 0xe5, 0xf5, 0x21,
  0x84, 0x0e, 0xcd, 0x16, 0x02, 0xf1, 0xe1, 0xc9, 0x52, 0x45, 0x41, 0x44,
  0x43, 0x00, 0xe5, 0xf5, 0x21, 0x95, 0x0e, 0xcd, 0x16, 0x02, 0xf1, 0xe1,
  0xc9, 0x53, 0x45, 0x54, 0x43, 0x00, 0xe5, 0xf5, 0x21, 0xa5, 0x0e, 0xcd,
  0x16, 0x02, 0xf1, 0xe1, 0xc9, 0x4e, 0x53, 0x45, 0x54, 0x43, 0x58, 0x00,
  0xe5, 0xf5, 0x21, 0xb7, 0x0e, 0xcd, 0x16, 0x02, 0xf1, 0xe1, 0xc9, 0x47,
  0x54, 0x41, 0x53, 0x50, 0x43, 0x00, 0xe5, 0xf5, 0x21, 0xc9, 0x0e, 0xcd,
  0x16, 0x02, 0xf1, 0xe1, 0xc9, 0x50, 0x4e, 0x54, 0x49, 0x4e, 0x49, 0x00,
  0xe5, 0xf5, 0x21, 0xdb, 0x0e, 0xcd, 0x16, 0x02, 0xf1, 0xe1, 0xc9, 0x53,
  0x43, 0x41, 0x4e, 0x52, 0x00, 0xe5, 0xf5, 0x21, 0xec, 0x0e, 0xcd, 0x16,
  0x02, 0xf1, 0xe1, 0xc9, 0x53, 0x43, 0x41, 0x4e, 0x4c, 0x00, 0xe5, 0xf5,
  0x21, 0xfd, 0x0e, 0xcd, 0x16, 0x02, 0xf1, 0xe1, 0xc9, 0x44, 0x4f, 0x47,
  0x52, 0x50, 0x48, 0x00, 0xc5, 0xd5, 0xe5, 0xcd, 0x75, 0x0d, 0x3a, 0xe9,
  0xf3, 0x32, 0xf2, 0xf3, 0x2a, 0xb7, 0xfc, 0x22, 0x66, 0xf5, 0x01, 0x08,
  0x00, 0x09, 0x22, 0xb7, 0xfc, 0x3a, 0xf6, 0xfa, 0x2a, 0xb9, 0xfc, 0x67,
  0x22, 0x68, 0xf5, 0xed, 0x43, 0x6a, 0xf5, 0xed, 0x43, 0x6c, 0xf5, 0x21,
  0x40, 0xfc, 0xcb, 0x06, 0x3a, 0xf2, 0xf3, 0x38, 0x03, 0x3a, 0xea, 0xf3,
  0x32, 0x6e, 0xf5, 0xcd, 0xc2, 0x11, 0x3a, 0x02, 0xfb, 0xe6, 0x0f, 0xf6,
  0xb0, 0xed, 0x79, 0x3e, 0xac, 0xd3, 0x99, 0x3e, 0x91, 0xd3, 0x99, 0xfb,
  0x06, 0x08, 0x0e, 0x07, 0x21, 0x40, 0xfc, 0xcb, 0x06, 0x3a, 0xf2, 0xf3,
  0x38, 0x03, 0x3a, 0xea, 0xf3, 0xd3, 0x9b, 0x0d, 0x20, 0xf1, 0x23, 0x0e,
  0x08, 0x10, 0xec, 0xe1, 0xd1, 0xc1, 0xc9, 0xe5, 0xf5, 0x21, 0x7e, 0x0f,
  0xcd, 0x16, 0x02, 0xf1, 0xe1, 0xc9, 0x4d, 0x41, 0x50, 0x58, 0x59, 0x43,
  0x00, 0xe5, 0xf5, 0x21, 0x90, 0x0f, 0xcd, 0x16, 0x02, 0xf1, 0xe1, 0xc9,
  0x54, 0x52, 0x49, 0x47, 0x48, 0x54, 0x00, 0xe5, 0xf5, 0x21, 0xa2, 0x0f,
  0xcd, 0x16, 0x02, 0xf1, 0xe1, 0xc9, 0x54, 0x52, 0x49, 0x47, 0x48, 0x54,
  0x00, 0x3a, 0xf6, 0xfa, 0x57, 0xd5, 0xed, 0x43, 0x66, 0xf5, 0xed, 0x53,
  0x68, 0xf5, 0x2a, 0xb3, 0xfc, 0xa7, 0xed, 0x42, 0x22, 0x6a, 0xf5, 0x21,
  0x00, 0x00, 0x22, 0x6c, 0xf5, 0xaf, 0x32, 0x6f, 0xf5, 0x3a, 0xf2, 0xf3,
  0x32, 0x6e, 0xf5, 0xcd, 0xfd, 0x0f, 0x2a, 0xb5, 0xfc, 0x3a, 0xf6, 0xfa,
  0x67, 0x22, 0x68, 0xf5, 0xcd, 0xfd, 0x0f, 0xd1, 0xed, 0x53, 0x68, 0xf5,
  0x3e, 0x01, 0x32, 0x6f, 0xf5, 0x3a, 0xb5, 0xfc, 0x93, 0x32, 0x6a, 0xf5,
  0xcd, 0xfd, 0x0f, 0x2a, 0xb3, 0xfc, 0x22, 0x66, 0xf5, 0xcd, 0xfd, 0x0f,
  0xc9, 0xcd, 0xc2, 0x11, 0x3a, 0x02, 0xfb, 0xe6, 0x0f, 0xf6, 0x70, 0xed,
  0x79, 0xfb, 0xc9, 0x2a, 0xb5, 0xfc, 0xe7, 0x30, 0x01, 0xeb, 0xa7, 0xed,
  0x52, 0x23, 0x22, 0x6c, 0xf5, 0x3a, 0xf6, 0xfa, 0x57, 0xed, 0x53, 0x68,
  0xf5, 0xc5, 0xd1, 0x2a, 0xb3, 0xfc, 0xe7, 0x30, 0x01, 0xeb, 0xa7, 0xed,
  0x52, 0x23, 0x22, 0x6a, 0xf5, 0xed, 0x53, 0x66, 0xf5, 0xaf, 0x32, 0x6f,
  0xf5, 0x3a, 0xf2, 0xf3, 0x32, 0x6e, 0xf5, 0xcd, 0xc2, 0x11, 0x3a, 0x02,
  0xfb, 0xe6, 0x0f, 0xf6, 0x80, 0xed, 0x79, 0xfb, 0xc9, 0xe5, 0xf5, 0x21,
  0x5a, 0x10, 0xcd, 0x16, 0x02, 0xf1, 0xe1, 0xc3, 0x6e, 0x0c, 0x43, 0x4c,
  0x52, 0x54, 0x58, 0x54, 0x00, 0xe5, 0xd5, 0xc5, 0x2a, 0x22, 0xf9, 0xcb,
  0x04, 0xcb, 0x04, 0x3a, 0xf5, 0xfa, 0x0f, 0x0f, 0x0f, 0x84, 0xf6, 0x1f,
  0x47, 0x0e, 0x02, 0xcd, 0xff, 0x03, 0x3a, 0xaf, 0xfc, 0xfe, 0x07, 0x20,
  0x13, 0x3a, 0xe5, 0xf3, 0xe6, 0x1f, 0x47, 0x3a, 0xf5, 0xfa, 0x0f, 0x0f,
  0x0f, 0xb0, 0x47, 0x0e, 0x06, 0xcd, 0xff, 0x03, 0x3a, 0xf5, 0xfa, 0x4f,
  0x3a, 0xaf, 0xfc, 0xfe, 0x07, 0x20, 0x02, 0xcb, 0x21, 0xaf, 0x2a, 0x28,
  0xf9, 0x29, 0x8f, 0xb1, 0x6f, 0x3e, 0x03, 0xb4, 0x47, 0x0e, 0x05, 0xcd,
  0xff, 0x03, 0x45, 0x0e, 0x0b, 0xcd, 0xff, 0x03, 0xc1, 0xd1, 0xe1, 0xc9,
  0xe5, 0xcd, 0x27, 0x11, 0xcd, 0x88, 0x09, 0x01, 0x10, 0x00, 0xcd, 0xff,
  0x03, 0x06, 0x20, 0x21, 0x5c, 0x11, 0x7e, 0xd3, 0x98, 0x23, 0xd3, 0x9a,
  0x10, 0xf8, 0xe1, 0xc9, 0xe5, 0xcd, 0x27, 0x11, 0xcd, 0x7e, 0x09, 0xe1,
  0x01, 0x10, 0x00, 0xcd, 0xff, 0x03, 0x06, 0x20, 0xdb, 0x98, 0xd3, 0x9a,
  0x10, 0xfa, 0xc9, 0xe5, 0xf5, 0xcd, 0x27, 0x11, 0xf1, 0x87, 0x4f, 0x06,
  0x00, 0x09, 0xcd, 0x7e, 0x09, 0xdb, 0x98, 0x47, 0xdb, 0x98, 0x4f, 0xe1,
  0xc9, 0xf5, 0xc5, 0xe5, 0xcd, 0x27, 0x11, 0x7a, 0x87, 0x4f, 0x06, 0x00,
  0x09, 0xcd, 0x88, 0x09, 0xe1, 0x42, 0x0e, 0x10, 0xcd, 0xff, 0x03, 0xc1,
  0xf1, 0xd3, 0x9a, 0xd3, 0x98, 0x7b, 0xd3, 0x9a, 0xd3, 0x98, 0xc9, 0x3a,
  0xaf, 0xfc, 0xb7, 0xcc, 0x3e, 0x11, 0x3c, 0x21, 0x48, 0x11, 0x87, 0x85,
  0x6f, 0x7c, 0xce, 0x00, 0x67, 0x7e, 0x23, 0x66, 0x6f, 0xc9, 0x67, 0x3a,
  0xb0, 0xf3, 0xfe, 0x28, 0x7c, 0xd0, 0x3d, 0xc9, 0x00, 0x04, 0x00, 0x0f,
  0x20, 0x20, 0x80, 0x1b, 0x20, 0x20, 0x80, 0x1b, 0x80, 0x76, 0x80, 0x76,
  0x80, 0xfa, 0x80, 0xfa, 0x00, 0x00, 0x00, 0x00, 0x11, 0x06, 0x33, 0x07,
  0x17, 0x01, 0x27, 0x03, 0x51, 0x01, 0x27, 0x06, 0x71, 0x01, 0x73, 0x03,
  0x61, 0x06, 0x64, 0x06, 0x11, 0x04, 0x65, 0x02, 0x55, 0x05, 0x77, 0x07,
  0xe5, 0xf5, 0x21, 0x87, 0x11, 0xcd, 0x16, 0x02, 0xf1, 0xe1, 0xc9, 0x42,
  0x45, 0x45, 0x50, 0x00, 0xe5, 0xf5, 0x21, 0x97, 0x11, 0xcd, 0x16, 0x02,
  0xf1, 0xe1, 0xc9, 0x50, 0x52, 0x4f, 0x4d, 0x50, 0x54, 0x00, 0xe5, 0xf5,
  0x21, 0xa9, 0x11, 0xcd, 0x16, 0x02, 0xf1, 0xe1, 0xc9, 0x53, 0x44, 0x46,
  0x53, 0x43, 0x52, 0x00, 0xe5, 0xf5, 0x21, 0xbb, 0x11, 0xcd, 0x16, 0x02,
  0xf1, 0xe1, 0xc9, 0x53, 0x45, 0x54, 0x53, 0x43, 0x52, 0x00, 0x3e, 0x02,
  0xcd, 0xd2, 0x09, 0x1f, 0x38, 0xf8, 0xf3, 0x3e, 0x20, 0xd3, 0x99, 0x3e,
  0x91, 0xd3, 0x99, 0x01, 0x9b, 0x0e, 0x21, 0x62, 0xf5, 0xed, 0xb3, 0xc9,
  0x78, 0xb1, 0x37, 0xc8, 0x7a, 0xb3, 0x37, 0xc8, 0xe5, 0x21, 0x00, 0x01,
  0x3a, 0xaf, 0xfc, 0xe6, 0x06, 0xfe, 0x06, 0x3a, 0xaf, 0xfc, 0x20, 0x01,
  0x24, 0xb7, 0xed, 0x42, 0xe1, 0xd8, 0xe5, 0x21, 0xd4, 0x00, 0xb7, 0xed,
  0x52, 0xe1, 0xc9, 0xed, 0x4b, 0x6a, 0xf5, 0xed, 0x5b, 0x6c, 0xf5, 0xcd,
  0xdc, 0x11, 0xd8, 0xcd, 0xc2, 0x11, 0x7e, 0xe6, 0x0f, 0xf6, 0x90, 0xed,
  0x79, 0xfb, 0xb7, 0xc9, 0x2a, 0x62, 0xf5, 0x4e, 0x23, 0x46, 0x23, 0xed,
  0x43, 0x6a, 0xf5, 0x5e, 0x23, 0x56, 0x23, 0xed, 0x53, 0x6c, 0xf5, 0xcd,
  0xdc, 0x11, 0xd8, 0xfe, 0x08, 0x11, 0x04, 0x01, 0x28, 0x0a, 0xfe, 0x06,
  0x11, 0x01, 0x04, 0x28, 0x03, 0x11, 0x02, 0x02, 0x4e, 0xaf, 0x43, 0xcb,
  0x11, 0x17, 0xcb, 0x11, 0x17, 0x10, 0xf8, 0x32, 0x6e, 0xf5, 0x42, 0x05,
  0xc5, 0xe5, 0xcd, 0xc2, 0x11, 0x7e, 0xe6, 0x0f, 0xf6, 0xb0, 0xed, 0x79,
  0x3e, 0xac, 0xd3, 0x99, 0x3e, 0x91, 0xd3, 0x99, 0xfb, 0xe1, 0xc1, 0x3e,
  0x02, 0xcd, 0xd2, 0x09, 0xcb, 0x47, 0xc8, 0xcb, 0x7f, 0x28, 0xf4, 0x78,
  0xa7, 0x28, 0x12, 0xc5, 0xaf, 0x43, 0xcb, 0x11, 0x17, 0xcb, 0x11, 0x17,
  0x10, 0xf8, 0xd3, 0x9b, 0x79, 0xc1, 0x4f, 0x10, 0xee, 0x23, 0x4e, 0x42,
  0x18, 0xd9, 0x2a, 0x66, 0xf5, 0xed, 0x4b, 0x6a, 0xf5, 0xed, 0x5b, 0x6c,
  0xf5, 0x71, 0x23, 0x70, 0x23, 0x73, 0x23, 0x72, 0x23, 0xcd, 0xdc, 0x11,
  0xd8, 0xfe, 0x08, 0x11, 0x01, 0x01, 0x28, 0x0a, 0xfe, 0x06, 0x11, 0x02,
  0x04, 0x28, 0x03, 0x11, 0x04, 0x02, 0xe5, 0xcd, 0xc2, 0x11, 0x7e, 0xe6,
  0x0f, 0x3e, 0xa0, 0xed, 0x79, 0xfb, 0xe1, 0x42, 0x0e, 0x00, 0x3e, 0x02,
  0xcd, 0xd2, 0x09, 0xcb, 0x7f, 0x20, 0x04, 0xcb, 0x47, 0x20, 0xf3, 0xc5,
  0x3e, 0x07, 0xcd, 0xd2, 0x09, 0x43, 0xcb, 0x01, 0x10, 0xfc, 0xb1, 0xc1,
  0x4f, 0x10, 0xe3, 0x71, 0x23, 0x3e, 0x02, 0xcd, 0xd2, 0x09, 0x1f, 0x38,
  0xd6, 0xc9, 0xe5, 0xf5, 0x21, 0xfd, 0x12, 0xcd, 0x16, 0x02, 0xf1, 0xe1,
  0xc9, 0x42, 0x4c, 0x54, 0x56, 0x44, 0x00, 0xe5, 0xf5, 0x21, 0x0e, 0x13,
  0xcd, 0x16, 0x02, 0xf1, 0xe1, 0xc9, 0x42, 0x4c, 0x54, 0x44, 0x56, 0x00,
  0xe5, 0xf5, 0x21, 0x1f, 0x13, 0xcd, 0x16, 0x02, 0xf1, 0xe1, 0xc9, 0x42,
  0x4c, 0x54, 0x4d, 0x44, 0x00, 0xe5, 0xf5, 0x21, 0x30, 0x13, 0xcd, 0x16,
  0x02, 0xf1, 0xe1, 0xc9, 0x42, 0x4c, 0x54, 0x44, 0x4d, 0x00, 0xe5, 0xf5,
  0x21, 0x41, 0x13, 0xcd, 0x16, 0x02, 0xf1, 0xe1, 0xc9, 0x4e, 0x45, 0x57,
  0x50, 0x41, 0x44, 0x00, 0xcd, 0xb3, 0x04, 0xcd, 0xbc, 0x10, 0xc9, 0xe5,
  0xf5, 0x21, 0x5a, 0x13, 0xcd, 0x16, 0x02, 0xf1, 0xe1, 0xc9, 0x4b, 0x4e,
  0x4a, 0x50, 0x52, 0x54, 0x00, 0xc5, 0x3e, 0x0d, 0xd3, 0xb4, 0x79, 0x0f,
  0x0f, 0x0f, 0x0f, 0xe6, 0x03, 0x47, 0xdb, 0xb5, 0xb0, 0xc1, 0xd3, 0xb5,
  0x79, 0xe6, 0x0f, 0xd3, 0xb4, 0xdb, 0xb5, 0xe6, 0x0f, 0xc9, 0xc5, 0x47,
  0xc5, 0x3e, 0x0d, 0xd3, 0xb4, 0x79, 0x0f, 0x0f, 0x0f, 0x0f, 0xe6, 0x03,
  0x47, 0xdb, 0xb5, 0xb0, 0xc1, 0xd3, 0xb5, 0x79, 0xe6, 0x0f, 0xd3, 0xb4,
  0x78, 0xe6, 0x0f, 0xd3, 0xb5, 0xc1, 0xc9, 0x00, 0x00, 0x00, 0x00, 0x00,
  0x00, 0x00, 0x00, 0x00, 0x00, 0x00, 0x00, 0x00, 0x00, 0x00, 0x00, 0x00,
  0x00, 0x00, 0x00, 0x00, 0x00, 0x00, 0x00, 0x00, 0x00, 0x00, 0x00, 0x00,
  0x00, 0x00, 0x00, 0x00, 0x00, 0x00, 0x00, 0x00, 0x00, 0x00, 0x00, 0x00,
  0x00, 0x00, 0x00, 0x00, 0x00, 0x00, 0x00, 0x00, 0x00, 0x00, 0x00, 0x00,
  0x00, 0x00, 0x00, 0x00, 0x00, 0x00, 0x00, 0x00, 0x00, 0x00, 0x00, 0x00,
  0x00, 0x00, 0x00, 0x00, 0x00, 0x00, 0x00, 0x00, 0x00, 0x00, 0x00, 0x00,
  0x00, 0x00, 0x00, 0x00, 0x00, 0x00, 0x00, 0x00, 0x00, 0x00, 0x00, 0x00,
  0x00, 0x00, 0x00, 0x00, 0x00, 0x00, 0x00, 0x00, 0x00, 0x00, 0x00, 0x00,
  0x00, 0x00, 0x00, 0x00, 0x00, 0x00, 0x00, 0x00, 0x00, 0x00, 0x00, 0x00,
  0x00, 0x00, 0x00, 0x00, 0x00, 0x00, 0x00, 0x00, 0x00, 0x00, 0x00, 0x00,
  0x00, 0x00, 0x00, 0x00, 0x00, 0x00, 0x00, 0x00, 0x00, 0x00, 0x00, 0x00,
  0x00, 0x00, 0x00, 0x00, 0x00, 0x00, 0x00, 0x00, 0x00, 0x00, 0x00, 0x00,
  0x00, 0x00, 0x00, 0x00, 0x00, 0x00, 0x00, 0x00, 0x00, 0x00, 0x00, 0x00,
  0x00, 0x00, 0x00, 0x00, 0x00, 0x00, 0x00, 0x00, 0x00, 0x00, 0x00, 0x00,
  0x00, 0x00, 0x00, 0x00, 0x00, 0x00, 0x00, 0x00, 0x00, 0x00, 0x00, 0x00,
  0x00, 0x00, 0x00, 0x00, 0x00, 0x00, 0x00, 0x00, 0x00, 0x00, 0x00, 0x00,
  0x00, 0x00, 0x00, 0x00, 0x00, 0x00, 0x00, 0x00, 0x00, 0x00, 0x00, 0x00,
  0x00, 0x00, 0x00, 0x00, 0x00, 0x00, 0x00, 0x00, 0x00, 0x00, 0x00, 0x00,
  0x00, 0x00, 0x00, 0x00, 0x00, 0x00, 0x00, 0x00, 0x00, 0x00, 0x00, 0x00,
  0x00, 0x00, 0x00, 0x00, 0x00, 0x00, 0x00, 0x00, 0x00, 0x00, 0x00, 0x00,
  0x00, 0x00, 0x00, 0x00, 0x00, 0x00, 0x00, 0x00, 0x00, 0x00, 0x00, 0x00,
  0x00, 0x00, 0x00, 0x00, 0x00, 0x00, 0x00, 0x00, 0x00, 0x00, 0x00, 0x00,
  0x00, 0x00, 0x00, 0x00, 0x00, 0x00, 0x00, 0x00, 0x00, 0x00, 0x00, 0x00,
  0x00, 0x00, 0x00, 0x00, 0x00, 0x00, 0x00, 0x00, 0x00, 0x00, 0x00, 0x00,
  0x00, 0x00, 0x00, 0x00, 0x00, 0x00, 0x00, 0x00, 0x00, 0x00, 0x00, 0x00,
  0x00, 0x00, 0x00, 0x00, 0x00, 0x00, 0x00, 0x00, 0x00, 0x00, 0x00, 0x00,
  0x00, 0x00, 0x00, 0x00, 0x00, 0x00, 0x00, 0x00, 0x00, 0x00, 0x00, 0x00,
  0x00, 0x00, 0x00, 0x00, 0x00, 0x00, 0x00, 0x00, 0x00, 0x00, 0x00, 0x00,
  0x00, 0x00, 0x00, 0x00, 0x00, 0x00, 0x00, 0x00, 0x00, 0x00, 0x00, 0x00,
  0x00, 0x00, 0x00, 0x00, 0x00, 0x00, 0x00, 0x00, 0x00, 0x00, 0x00, 0x00,
  0x00, 0x00, 0x00, 0x00, 0x00, 0x00, 0x00, 0x00, 0x00, 0x00, 0x00, 0x00,
  0x00, 0x00, 0x00, 0x00, 0x00, 0x00, 0x00, 0x00, 0x00, 0x00, 0x00, 0x00,
  0x00, 0x00, 0x00, 0x00, 0x00, 0x00, 0x00, 0x00, 0x00, 0x00, 0x00, 0x00,
  0x00, 0x00, 0x00, 0x00, 0x00, 0x00, 0x00, 0x00, 0x00, 0x00, 0x00, 0x00,
  0x00, 0x00, 0x00, 0x00, 0x00, 0x00, 0x00, 0x00, 0x00, 0x00, 0x00, 0x00,
  0x00, 0x00, 0x00, 0x00, 0x00, 0x00, 0x00, 0x00, 0x00, 0x00, 0x00, 0x00,
  0x00, 0x00, 0x00, 0x00, 0x00, 0x00, 0x00, 0x00, 0x00, 0x00, 0x00, 0x00,
  0x00, 0x00, 0x00, 0x00, 0x00, 0x00, 0x00, 0x00, 0x00, 0x00, 0x00, 0x00,
  0x00, 0x00, 0x00, 0x00, 0x00, 0x00, 0x00, 0x00, 0x00, 0x00, 0x00, 0x00,
  0x00, 0x00, 0x00, 0x00, 0x00, 0x00, 0x00, 0x00, 0x00, 0x00, 0x00, 0x00,
  0x00, 0x00, 0x00, 0x00, 0x00, 0x00, 0x00, 0x00, 0x00, 0x00, 0x00, 0x00,
  0x00, 0x00, 0x00, 0x00, 0x00, 0x00, 0x00, 0x00, 0x00, 0x00, 0x00, 0x00,
  0x00, 0x00, 0x00, 0x00, 0x00, 0x00, 0x00, 0x00, 0x00, 0x00, 0x00, 0x00,
  0x00, 0x00, 0x00, 0x00, 0x00, 0x00, 0x00, 0x00, 0x00, 0x00, 0x00, 0x00,
  0x00, 0x00, 0x00, 0x00, 0x00, 0x00, 0x00, 0x00, 0x00, 0x00, 0x00, 0x00,
  0x00, 0x00, 0x00, 0x00, 0x00, 0x00, 0x00, 0x00, 0x00, 0x00, 0x00, 0x00,
  0x00, 0x00, 0x00, 0x00, 0x00, 0x00, 0x00, 0x00, 0x00, 0x00, 0x00, 0x00,
  0x00, 0x00, 0x00, 0x00, 0x00, 0x00, 0x00, 0x00, 0x00, 0x00, 0x00, 0x00,
  0x00, 0x00, 0x00, 0x00, 0x00, 0x00, 0x00, 0x00, 0x00, 0x00, 0x00, 0x00,
  0x00, 0x00, 0x00, 0x00, 0x00, 0x00, 0x00, 0x00, 0x00, 0x00, 0x00, 0x00,
  0x00, 0x00, 0x00, 0x00, 0x00, 0x00, 0x00, 0x00, 0x00, 0x00, 0x00, 0x00,
  0x00, 0x00, 0x00, 0x00, 0x00, 0x00, 0x00, 0x00, 0x00, 0x00, 0x00, 0x00,
  0x00, 0x00, 0x00, 0x00, 0x00, 0x00, 0x00, 0x00, 0x00, 0x00, 0x00, 0x00,
  0x00, 0x00, 0x00, 0x00, 0x00, 0x00, 0x00, 0x00, 0x00, 0x00, 0x00, 0x00,
  0x00, 0x00, 0x00, 0x00, 0x00, 0x00, 0x00, 0x00, 0x00, 0x00, 0x00, 0x00,
  0x00, 0x00, 0x00, 0x00, 0x00, 0x00, 0x00, 0x00, 0x00, 0x00, 0x00, 0x00,
  0x00, 0x00, 0x00, 0x00, 0x00, 0x00, 0x00, 0x00, 0x00, 0x00, 0x00, 0x00,
  0x00, 0x00, 0x00, 0x00, 0x00, 0x00, 0x00, 0x00, 0x00, 0x00, 0x00, 0x00,
  0x00, 0x00, 0x00, 0x00, 0x00, 0x00, 0x00, 0x00, 0x00, 0x00, 0x00, 0x00,
  0x00, 0x00, 0x00, 0x00, 0x00, 0x00, 0x00, 0x00, 0x00, 0x00, 0x00, 0x00,
  0x00, 0x00, 0x00, 0x00, 0x00, 0x00, 0x00, 0x00, 0x00, 0x00, 0x00, 0x00,
  0x00, 0x00, 0x00, 0x00, 0x00, 0x00, 0x00, 0x00, 0x00, 0x00, 0x00, 0x00,
  0x00, 0x00, 0x00, 0x00, 0x00, 0x00, 0x00, 0x00, 0x00, 0x00, 0x00, 0x00,
  0x00, 0x00, 0x00, 0x00, 0x00, 0x00, 0x00, 0x00, 0x00, 0x00, 0x00, 0x00,
  0x00, 0x00, 0x00, 0x00, 0x00, 0x00, 0x00, 0x00, 0x00, 0x00, 0x00, 0x00,
  0x00, 0x00, 0x00, 0x00, 0x00, 0x00, 0x00, 0x00, 0x00, 0x00, 0x00, 0x00,
  0x00, 0x00, 0x00, 0x00, 0x00, 0x00, 0x00, 0x00, 0x00, 0x00, 0x00, 0x00,
  0x00, 0x00, 0x00, 0x00, 0x00, 0x00, 0x00, 0x00, 0x00, 0x00, 0x00, 0x00,
  0x00, 0x00, 0x00, 0x00, 0x00, 0x00, 0x00, 0x00, 0x00, 0x00, 0x00, 0x00,
  0x00, 0x00, 0x00, 0x00, 0x00, 0x00, 0x00, 0x00, 0x00, 0x00, 0x00, 0x00,
  0x00, 0x00, 0x00, 0x00, 0x00, 0x00, 0x00, 0x00, 0x00, 0x00, 0x00, 0x00,
  0x00, 0x00, 0x00, 0x00, 0x00, 0x00, 0x00, 0x00, 0x00, 0x00, 0x00, 0x00,
  0x00, 0x00, 0x00, 0x00, 0x00, 0x00, 0x00, 0x00, 0x00, 0x00, 0x00, 0x00,
  0x00, 0x00, 0x00, 0x00, 0x00, 0x00, 0x00, 0x00, 0x00, 0x00, 0x00, 0x00,
  0x00, 0x00, 0x00, 0x00, 0x00, 0x00, 0x00, 0x00, 0x00, 0x00, 0x00, 0x00,
  0x00, 0x00, 0x00, 0x00, 0x00, 0x00, 0x00, 0x00, 0x00, 0x00, 0x00, 0x00,
  0x00, 0x00, 0x00, 0x00, 0x00, 0x00, 0x00, 0x00, 0x00, 0x00, 0x00, 0x00,
  0x00, 0x00, 0x00, 0x00, 0x00, 0x00, 0x00, 0x00, 0x00, 0x00, 0x00, 0x00,
  0x00, 0x00, 0x00, 0x00, 0x00, 0x00, 0x00, 0x00, 0x00, 0x00, 0x00, 0x00,
  0x00, 0x00, 0x00, 0x00, 0x00, 0x00, 0x00, 0x00, 0x00, 0x00, 0x00, 0x00,
  0x00, 0x00, 0x00, 0x00, 0x00, 0x00, 0x00, 0x00, 0x00, 0x00, 0x00, 0x00,
  0x00, 0x00, 0x00, 0x00, 0x00, 0x00, 0x00, 0x00, 0x00, 0x00, 0x00, 0x00,
  0x00, 0x00, 0x00, 0x00, 0x00, 0x00, 0x00, 0x00, 0x00, 0x00, 0x00, 0x00,
  0x00, 0x00, 0x00, 0x00, 0x00, 0x00, 0x00, 0x00, 0x00, 0x00, 0x00, 0x00,
  0x00, 0x00, 0x00, 0x00, 0x00, 0x00, 0x00, 0x00, 0x00, 0x00, 0x00, 0x00,
  0x00, 0x00, 0x00, 0x00, 0x00, 0x00, 0x00, 0x00, 0x00, 0x00, 0x00, 0x00,
  0x00, 0x00, 0x00, 0x00, 0x00, 0x00, 0x00, 0x00, 0x00, 0x00, 0x00, 0x00,
  0x00, 0x00, 0x00, 0x00, 0x00, 0x00, 0x00, 0x00, 0x00, 0x00, 0x00, 0x00,
  0x00, 0x00, 0x00, 0x00, 0x00, 0x00, 0x00, 0x00, 0x00, 0x00, 0x00, 0x00,
  0x00, 0x00, 0x00, 0x00, 0x00, 0x00, 0x00, 0x00, 0x00, 0x00, 0x00, 0x00,
  0x00, 0x00, 0x00, 0x00, 0x00, 0x00, 0x00, 0x00, 0x00, 0x00, 0x00, 0x00,
  0x00, 0x00, 0x00, 0x00, 0x00, 0x00, 0x00, 0x00, 0x00, 0x00, 0x00, 0x00,
  0x00, 0x00, 0x00, 0x00, 0x00, 0x00, 0x00, 0x00, 0x00, 0x00, 0x00, 0x00,
  0x00, 0x00, 0x00, 0x00, 0x00, 0x00, 0x00, 0x00, 0x00, 0x00, 0x00, 0x00,
  0x00, 0x00, 0x00, 0x00, 0x00, 0x00, 0x00, 0x00, 0x00, 0x00, 0x00, 0x00,
  0x00, 0x00, 0x00, 0x00, 0x00, 0x00, 0x00, 0x00, 0x00, 0x00, 0x00, 0x00,
  0x00, 0x00, 0x00, 0x00, 0x00, 0x00, 0x00, 0x00, 0x00, 0x00, 0x00, 0x00,
  0x00, 0x00, 0x00, 0x00, 0x00, 0x00, 0x00, 0x00, 0x00, 0x00, 0x00, 0x00,
  0x00, 0x00, 0x00, 0x00, 0x00, 0x00, 0x00, 0x00, 0x00, 0x00, 0x00, 0x00,
  0x00, 0x00, 0x00, 0x00, 0x00, 0x00, 0x00, 0x00, 0x00, 0x00, 0x00, 0x00,
  0x00, 0x00, 0x00, 0x00, 0x00, 0x00, 0x00, 0x00, 0x00, 0x00, 0x00, 0x00,
  0x00, 0x00, 0x00, 0x00, 0x00, 0x00, 0x00, 0x00, 0x00, 0x00, 0x00, 0x00,
  0x00, 0x00, 0x00, 0x00, 0x00, 0x00, 0x00, 0x00, 0x00, 0x00, 0x00, 0x00,
  0x00, 0x00, 0x00, 0x00, 0x00, 0x00, 0x00, 0x00, 0x00, 0x00, 0x00, 0x00,
  0x00, 0x00, 0x00, 0x00, 0x00, 0x00, 0x00, 0x00, 0x00, 0x00, 0x00, 0x00,
  0x00, 0x00, 0x00, 0x00, 0x00, 0x00, 0x00, 0x00, 0x00, 0x00, 0x00, 0x00,
  0x00, 0x00, 0x00, 0x00, 0x00, 0x00, 0x00, 0x00, 0x00, 0x00, 0x00, 0x00,
  0x00, 0x00, 0x00, 0x00, 0x00, 0x00, 0x00, 0x00, 0x00, 0x00, 0x00, 0x00,
  0x00, 0x00, 0x00, 0x00, 0x00, 0x00, 0x00, 0x00, 0x00, 0x00, 0x00, 0x00,
  0x00, 0x00, 0x00, 0x00, 0x00, 0x00, 0x00, 0x00, 0x00, 0x00, 0x00, 0x00,
  0x00, 0x00, 0x00, 0x00, 0x00, 0x00, 0x00, 0x00, 0x00, 0x00, 0x00, 0x00,
  0x00, 0x00, 0x00, 0x00, 0x00, 0x00, 0x00, 0x00, 0x00, 0x00, 0x00, 0x00,
  0x00, 0x00, 0x00, 0x00, 0x00, 0x00, 0x00, 0x00, 0x00, 0x00, 0x00, 0x00,
  0x00, 0x00, 0x00, 0x00, 0x00, 0x00, 0x00, 0x00, 0x00, 0x00, 0x00, 0x00,
  0x00, 0x00, 0x00, 0x00, 0x00, 0x00, 0x00, 0x00, 0x00, 0x00, 0x00, 0x00,
  0x00, 0x00, 0x00, 0x00, 0x00, 0x00, 0x00, 0x00, 0x00, 0x00, 0x00, 0x00,
  0x00, 0x00, 0x00, 0x00, 0x00, 0x00, 0x00, 0x00, 0x00, 0x00, 0x00, 0x00,
  0x00, 0x00, 0x00, 0x00, 0x00, 0x00, 0x00, 0x00, 0x00, 0x00, 0x00, 0x00,
  0x00, 0x00, 0x00, 0x00, 0x00, 0x00, 0x00, 0x00, 0x00, 0x00, 0x00, 0x00,
  0x00, 0x00, 0x00, 0x00, 0x00, 0x00, 0x00, 0x00, 0x00, 0x00, 0x00, 0x00,
  0x00, 0x00, 0x00, 0x00, 0x00, 0x00, 0x00, 0x00, 0x00, 0x00, 0x00, 0x00,
  0x00, 0x00, 0x00, 0x00, 0x00, 0x00, 0x00, 0x00, 0x00, 0x00, 0x00, 0x00,
  0x00, 0x00, 0x00, 0x00, 0x00, 0x00, 0x00, 0x00, 0x00, 0x00, 0x00, 0x00,
  0x00, 0x00, 0x00, 0x00, 0x00, 0x00, 0x00, 0x00, 0x00, 0x00, 0x00, 0x00,
  0x00, 0x00, 0x00, 0x00, 0x00, 0x00, 0x00, 0x00, 0x00, 0x00, 0x00, 0x00,
  0x00, 0x00, 0x00, 0x00, 0x00, 0x00, 0x00, 0x00, 0x00, 0x00, 0x00, 0x00,
  0x00, 0x00, 0x00, 0x00, 0x00, 0x00, 0x00, 0x00, 0x00, 0x00, 0x00, 0x00,
  0x00, 0x00, 0x00, 0x00, 0x00, 0x00, 0x00, 0x00, 0x00, 0x00, 0x00, 0x00,
  0x00, 0x00, 0x00, 0x00, 0x00, 0x00, 0x00, 0x00, 0x00, 0x00, 0x00, 0x00,
  0x00, 0x00, 0x00, 0x00, 0x00, 0x00, 0x00, 0x00, 0x00, 0x00, 0x00, 0x00,
  0x00, 0x00, 0x00, 0x00, 0x00, 0x00, 0x00, 0x00, 0x00, 0x00, 0x00, 0x00,
  0x00, 0x00, 0x00, 0x00, 0x00, 0x00, 0x00, 0x00, 0x00, 0x00, 0x00, 0x00,
  0x00, 0x00, 0x00, 0x00, 0x00, 0x00, 0x00, 0x00, 0x00, 0x00, 0x00, 0x00,
  0x00, 0x00, 0x00, 0x00, 0x00, 0x00, 0x00, 0x00, 0x00, 0x00, 0x00, 0x00,
  0x00, 0x00, 0x00, 0x00, 0x00, 0x00, 0x00, 0x00, 0x00, 0x00, 0x00, 0x00,
  0x00, 0x00, 0x00, 0x00, 0x00, 0x00, 0x00, 0x00, 0x00, 0x00, 0x00, 0x00,
  0x00, 0x00, 0x00, 0x00, 0x00, 0x00, 0x00, 0x00, 0x00, 0x00, 0x00, 0x00,
  0x00, 0x00, 0x00, 0x00, 0x00, 0x00, 0x00, 0x00, 0x00, 0x00, 0x00, 0x00,
  0x00, 0x00, 0x00, 0x00, 0x00, 0x00, 0x00, 0x00, 0x00, 0x00, 0x00, 0x00,
  0x00, 0x00, 0x00, 0x00, 0x00, 0x00, 0x00, 0x00, 0x00, 0x00, 0x00, 0x00,
  0x00, 0x00, 0x00, 0x00, 0x00, 0x00, 0x00, 0x00, 0x00, 0x00, 0x00, 0x00,
  0x00, 0x00, 0x00, 0x00, 0x00, 0x00, 0x00, 0x00, 0x00, 0x00, 0x00, 0x00,
  0x00, 0x00, 0x00, 0x00, 0x00, 0x00, 0x00, 0x00, 0x00, 0x00, 0x00, 0x00,
  0x00, 0x00, 0x00, 0x00, 0x00, 0x00, 0x00, 0x00, 0x00, 0x00, 0x00, 0x00,
  0x00, 0x00, 0x00, 0x00, 0x00, 0x00, 0x00, 0x00, 0x00, 0x00, 0x00, 0x00,
  0x00, 0x00, 0x00, 0x00, 0x00, 0x00, 0x00, 0x00, 0x00, 0x00, 0x00, 0x00,
  0x00, 0x00, 0x00, 0x00, 0x00, 0x00, 0x00, 0x00, 0x00, 0x00, 0x00, 0x00,
  0x00, 0x00, 0x00, 0x00, 0x00, 0x00, 0x00, 0x00, 0x00, 0x00, 0x00, 0x00,
  0x00, 0x00, 0x00, 0x00, 0x00, 0x00, 0x00, 0x00, 0x00, 0x00, 0x00, 0x00,
  0x00, 0x00, 0x00, 0x00, 0x00, 0x00, 0x00, 0x00, 0x00, 0x00, 0x00, 0x00,
  0x00, 0x00, 0x00, 0x00, 0x00, 0x00, 0x00, 0x00, 0x00, 0x00, 0x00, 0x00,
  0x00, 0x00, 0x00, 0x00, 0x00, 0x00, 0x00, 0x00, 0x00, 0x00, 0x00, 0x00,
  0x00, 0x00, 0x00, 0x00, 0x00, 0x00, 0x00, 0x00, 0x00, 0x00, 0x00, 0x00,
  0x00, 0x00, 0x00, 0x00, 0x00, 0x00, 0x00, 0x00, 0x00, 0x00, 0x00, 0x00,
  0x00, 0x00, 0x00, 0x00, 0x00, 0x00, 0x00, 0x00, 0x00, 0x00, 0x00, 0x00,
  0x00, 0x00, 0x00, 0x00, 0x00, 0x00, 0x00, 0x00, 0x00, 0x00, 0x00, 0x00,
  0x00, 0x00, 0x00, 0x00, 0x00, 0x00, 0x00, 0x00, 0x00, 0x00, 0x00, 0x00,
  0x00, 0x00, 0x00, 0x00, 0x00, 0x00, 0x00, 0x00, 0x00, 0x00, 0x00, 0x00,
  0x00, 0x00, 0x00, 0x00, 0x00, 0x00, 0x00, 0x00, 0x00, 0x00, 0x00, 0x00,
  0x00, 0x00, 0x00, 0x00, 0x00, 0x00, 0x00, 0x00, 0x00, 0x00, 0x00, 0x00,
  0x00, 0x00, 0x00, 0x00, 0x00, 0x00, 0x00, 0x00, 0x00, 0x00, 0x00, 0x00,
  0x00, 0x00, 0x00, 0x00, 0x00, 0x00, 0x00, 0x00, 0x00, 0x00, 0x00, 0x00,
  0x00, 0x00, 0x00, 0x00, 0x00, 0x00, 0x00, 0x00, 0x00, 0x00, 0x00, 0x00,
  0x00, 0x00, 0x00, 0x00, 0x00, 0x00, 0x00, 0x00, 0x00, 0x00, 0x00, 0x00,
  0x00, 0x00, 0x00, 0x00, 0x00, 0x00, 0x00, 0x00, 0x00, 0x00, 0x00, 0x00,
  0x00, 0x00, 0x00, 0x00, 0x00, 0x00, 0x00, 0x00, 0x00, 0x00, 0x00, 0x00,
  0x00, 0x00, 0x00, 0x00, 0x00, 0x00, 0x00, 0x00, 0x00, 0x00, 0x00, 0x00,
  0x00, 0x00, 0x00, 0x00, 0x00, 0x00, 0x00, 0x00, 0x00, 0x00, 0x00, 0x00,
  0x00, 0x00, 0x00, 0x00, 0x00, 0x00, 0x00, 0x00, 0x00, 0x00, 0x00, 0x00,
  0x00, 0x00, 0x00, 0x00, 0x00, 0x00, 0x00, 0x00, 0x00, 0x00, 0x00, 0x00,
  0x00, 0x00, 0x00, 0x00, 0x00, 0x00, 0x00, 0x00, 0x00, 0x00, 0x00, 0x00,
  0x00, 0x00, 0x00, 0x00, 0x00, 0x00, 0x00, 0x00, 0x00, 0x00, 0x00, 0x00,
  0x00, 0x00, 0x00, 0x00, 0x00, 0x00, 0x00, 0x00, 0x00, 0x00, 0x00, 0x00,
  0x00, 0x00, 0x00, 0x00, 0x00, 0x00, 0x00, 0x00, 0x00, 0x00, 0x00, 0x00,
  0x00, 0x00, 0x00, 0x00, 0x00, 0x00, 0x00, 0x00, 0x00, 0x00, 0x00, 0x00,
  0x00, 0x00, 0x00, 0x00, 0x00, 0x00, 0x00, 0x00, 0x00, 0x00, 0x00, 0x00,
  0x00, 0x00, 0x00, 0x00, 0x00, 0x00, 0x00, 0x00, 0x00, 0x00, 0x00, 0x00,
  0x00, 0x00, 0x00, 0x00, 0x00, 0x00, 0x00, 0x00, 0x00, 0x00, 0x00, 0x00,
  0x00, 0x00, 0x00, 0x00, 0x00, 0x00, 0x00, 0x00, 0x00, 0x00, 0x00, 0x00,
  0x00, 0x00, 0x00, 0x00, 0x00, 0x00, 0x00, 0x00, 0x00, 0x00, 0x00, 0x00,
  0x00, 0x00, 0x00, 0x00, 0x00, 0x00, 0x00, 0x00, 0x00, 0x00, 0x00, 0x00,
  0x00, 0x00, 0x00, 0x00, 0x00, 0x00, 0x00, 0x00, 0x00, 0x00, 0x00, 0x00,
  0x00, 0x00, 0x00, 0x00, 0x00, 0x00, 0x00, 0x00, 0x00, 0x00, 0x00, 0x00,
  0x00, 0x00, 0x00, 0x00, 0x00, 0x00, 0x00, 0x00, 0x00, 0x00, 0x00, 0x00,
  0x00, 0x00, 0x00, 0x00, 0x00, 0x00, 0x00, 0x00, 0x00, 0x00, 0x00, 0x00,
  0x00, 0x00, 0x00, 0x00, 0x00, 0x00, 0x00, 0x00, 0x00, 0x00, 0x00, 0x00,
  0x00, 0x00, 0x00, 0x00, 0x00, 0x00, 0x00, 0x00, 0x00, 0x00, 0x00, 0x00,
  0x00, 0x00, 0x00, 0x00, 0x00, 0x00, 0x00, 0x00, 0x00, 0x00, 0x00, 0x00,
  0x00, 0x00, 0x00, 0x00, 0x00, 0x00, 0x00, 0x00, 0x00, 0x00, 0x00, 0x00,
  0x00, 0x00, 0x00, 0x00, 0x00, 0x00, 0x00, 0x00, 0x00, 0x00, 0x00, 0x00,
  0x00, 0x00, 0x00, 0x00, 0x00, 0x00, 0x00, 0x00, 0x00, 0x00, 0x00, 0x00,
  0x00, 0x00, 0x00, 0x00, 0x00, 0x00, 0x00, 0x00, 0x00, 0x00, 0x00, 0x00,
  0x00, 0x00, 0x00, 0x00, 0x00, 0x00, 0x00, 0x00, 0x00, 0x00, 0x00, 0x00,
  0x00, 0x00, 0x00, 0x00, 0x00, 0x00, 0x00, 0x00, 0x00, 0x00, 0x00, 0x00,
  0x00, 0x00, 0x00, 0x00, 0x00, 0x00, 0x00, 0x00, 0x00, 0x00, 0x00, 0x00,
  0x00, 0x00, 0x00, 0x00, 0x00, 0x00, 0x00, 0x00, 0x00, 0x00, 0x00, 0x00,
  0x00, 0x00, 0x00, 0x00, 0x00, 0x00, 0x00, 0x00, 0x00, 0x00, 0x00, 0x00,
  0x00, 0x00, 0x00, 0x00, 0x00, 0x00, 0x00, 0x00, 0x00, 0x00, 0x00, 0x00,
  0x00, 0x00, 0x00, 0x00, 0x00, 0x00, 0x00, 0x00, 0x00, 0x00, 0x00, 0x00,
  0x00, 0x00, 0x00, 0x00, 0x00, 0x00, 0x00, 0x00, 0x00, 0x00, 0x00, 0x00,
  0x00, 0x00, 0x00, 0x00, 0x00, 0x00, 0x00, 0x00, 0x00, 0x00, 0x00, 0x00,
  0x00, 0x00, 0x00, 0x00, 0x00, 0x00, 0x00, 0x00, 0x00, 0x00, 0x00, 0x00,
  0x00, 0x00, 0x00, 0x00, 0x00, 0x00, 0x00, 0x00, 0x00, 0x00, 0x00, 0x00,
  0x00, 0x00, 0x00, 0x00, 0x00, 0x00, 0x00, 0x00, 0x00, 0x00, 0x00, 0x00,
  0x00, 0x00, 0x00, 0x00, 0x00, 0x00, 0x00, 0x00, 0x00, 0x00, 0x00, 0x00,
  0x00, 0x00, 0x00, 0x00, 0x00, 0x00, 0x00, 0x00, 0x00, 0x00, 0x00, 0x00,
  0x00, 0x00, 0x00, 0x00, 0x00, 0x00, 0x00, 0x00, 0x00, 0x00, 0x00, 0x00,
  0x00, 0x00, 0x00, 0x00, 0x00, 0x00, 0x00, 0x00, 0x00, 0x00, 0x00, 0x00,
  0x00, 0x00, 0x00, 0x00, 0x00, 0x00, 0x00, 0x00, 0x00, 0x00, 0x00, 0x00,
  0x00, 0x00, 0x00, 0x00, 0x00, 0x00, 0x00, 0x00, 0x00, 0x00, 0x00, 0x00,
  0x00, 0x00, 0x00, 0x00, 0x00, 0x00, 0x00, 0x00, 0x00, 0x00, 0x00, 0x00,
  0x00, 0x00, 0x00, 0x00, 0x00, 0x00, 0x00, 0x00, 0x00, 0x00, 0x00, 0x00,
  0x00, 0x00, 0x00, 0x00, 0x00, 0x00, 0x00, 0x00, 0x00, 0x00, 0x00, 0x00,
  0x00, 0x00, 0x00, 0x00, 0x00, 0x00, 0x00, 0x00, 0x00, 0x00, 0x00, 0x00,
  0x00, 0x00, 0x00, 0x00, 0x00, 0x00, 0x00, 0x00, 0x00, 0x00, 0x00, 0x00,
  0x00, 0x00, 0x00, 0x00, 0x00, 0x00, 0x00, 0x00, 0x00, 0x00, 0x00, 0x00,
  0x00, 0x00, 0x00, 0x00, 0x00, 0x00, 0x00, 0x00, 0x00, 0x00, 0x00, 0x00,
  0x00, 0x00, 0x00, 0x00, 0x00, 0x00, 0x00, 0x00, 0x00, 0x00, 0x00, 0x00,
  0x00, 0x00, 0x00, 0x00, 0x00, 0x00, 0x00, 0x00, 0x00, 0x00, 0x00, 0x00,
  0x00, 0x00, 0x00, 0x00, 0x00, 0x00, 0x00, 0x00, 0x00, 0x00, 0x00, 0x00,
  0x00, 0x00, 0x00, 0x00, 0x00, 0x00, 0x00, 0x00, 0x00, 0x00, 0x00, 0x00,
  0x00, 0x00, 0x00, 0x00, 0x00, 0x00, 0x00, 0x00, 0x00, 0x00, 0x00, 0x00,
  0x00, 0x00, 0x00, 0x00, 0x00, 0x00, 0x00, 0x00, 0x00, 0x00, 0x00, 0x00,
  0x00, 0x00, 0x00, 0x00, 0x00, 0x00, 0x00, 0x00, 0x00, 0x00, 0x00, 0x00,
  0x00, 0x00, 0x00, 0x00, 0x00, 0x00, 0x00, 0x00, 0x00, 0x00, 0x00, 0x00,
  0x00, 0x00, 0x00, 0x00, 0x00, 0x00, 0x00, 0x00, 0x00, 0x00, 0x00, 0x00,
  0x00, 0x00, 0x00, 0x00, 0x00, 0x00, 0x00, 0x00, 0x00, 0x00, 0x00, 0x00,
  0x00, 0x00, 0x00, 0x00, 0x00, 0x00, 0x00, 0x00, 0x00, 0x00, 0x00, 0x00,
  0x00, 0x00, 0x00, 0x00, 0x00, 0x00, 0x00, 0x00, 0x00, 0x00, 0x00, 0x00,
  0x00, 0x00, 0x00, 0x00, 0x00, 0x00, 0x00, 0x00, 0x00, 0x00, 0x00, 0x00,
  0x00, 0x00, 0x00, 0x00, 0x00, 0x00, 0x00, 0x00, 0x00, 0x00, 0x00, 0x00,
  0x00, 0x00, 0x00, 0x00, 0x00, 0x00, 0x00, 0x00, 0x00, 0x00, 0x00, 0x00,
  0x00, 0x00, 0x00, 0x00, 0x00, 0x00, 0x00, 0x00, 0x00, 0x00, 0x00, 0x00,
  0x00, 0x00, 0x00, 0x00, 0x00, 0x00, 0x00, 0x00, 0x00, 0x00, 0x00, 0x00,
  0x00, 0x00, 0x00, 0x00, 0x00, 0x00, 0x00, 0x00, 0x00, 0x00, 0x00, 0x00,
  0x00, 0x00, 0x00, 0x00, 0x00, 0x00, 0x00, 0x00, 0x00, 0x00, 0x00, 0x00,
  0x00, 0x00, 0x00, 0x00, 0x00, 0x00, 0x00, 0x00, 0x00, 0x00, 0x00, 0x00,
  0x00, 0x00, 0x00, 0x00, 0x00, 0x00, 0x00, 0x00, 0x00, 0x00, 0x00, 0x00,
  0x00, 0x00, 0x00, 0x00, 0x00, 0x00, 0x00, 0x00, 0x00, 0x00, 0x00, 0x00,
  0x00, 0x00, 0x00, 0x00, 0x00, 0x00, 0x00, 0x00, 0x00, 0x00, 0x00, 0x00,
  0x00, 0x00, 0x00, 0x00, 0x00, 0x00, 0x00, 0x00, 0x00, 0x00, 0x00, 0x00,
  0x00, 0x00, 0x00, 0x00, 0x00, 0x00, 0x00, 0x00, 0x00, 0x00, 0x00, 0x00,
  0x00, 0x00, 0x00, 0x00, 0x00, 0x00, 0x00, 0x00, 0x00, 0x00, 0x00, 0x00,
  0x00, 0x00, 0x00, 0x00, 0x00, 0x00, 0x00, 0x00, 0x00, 0x00, 0x00, 0x00,
  0x00, 0x00, 0x00, 0x00, 0x00, 0x00, 0x00, 0x00, 0x00, 0x00, 0x00, 0x00,
  0x00, 0x00, 0x00, 0x00, 0x00, 0x00, 0x00, 0x00, 0x00, 0x00, 0x00, 0x00,
  0x00, 0x00, 0x00, 0x00, 0x00, 0x00, 0x00, 0x00, 0x00, 0x00, 0x00, 0x00,
  0x00, 0x00, 0x00, 0x00, 0x00, 0x00, 0x00, 0x00, 0x00, 0x00, 0x00, 0x00,
  0x00, 0x00, 0x00, 0x00, 0x00, 0x00, 0x00, 0x00, 0x00, 0x00, 0x00, 0x00,
  0x00, 0x00, 0x00, 0x00, 0x00, 0x00, 0x00, 0x00, 0x00, 0x00, 0x00, 0x00,
  0x00, 0x00, 0x00, 0x00, 0x00, 0x00, 0x00, 0x00, 0x00, 0x00, 0x00, 0x00,
  0x00, 0x00, 0x00, 0x00, 0x00, 0x00, 0x00, 0x00, 0x00, 0x00, 0x00, 0x00,
  0x00, 0x00, 0x00, 0x00, 0x00, 0x00, 0x00, 0x00, 0x00, 0x00, 0x00, 0x00,
  0x00, 0x00, 0x00, 0x00, 0x00, 0x00, 0x00, 0x00, 0x00, 0x00, 0x00, 0x00,
  0x00, 0x00, 0x00, 0x00, 0x00, 0x00, 0x00, 0x00, 0x00, 0x00, 0x00, 0x00,
  0x00, 0x00, 0x00, 0x00, 0x00, 0x00, 0x00, 0x00, 0x00, 0x00, 0x00, 0x00,
  0x00, 0x00, 0x00, 0x00, 0x00, 0x00, 0x00, 0x00, 0x00, 0x00, 0x00, 0x00,
  0x00, 0x00, 0x00, 0x00, 0x00, 0x00, 0x00, 0x00, 0x00, 0x00, 0x00, 0x00,
  0x00, 0x00, 0x00, 0x00, 0x00, 0x00, 0x00, 0x00, 0x00, 0x00, 0x00, 0x00,
  0x00, 0x00, 0x00, 0x00, 0x00, 0x00, 0x00, 0x00, 0x00, 0x00, 0x00, 0x00,
  0x00, 0x00, 0x00, 0x00, 0x00, 0x00, 0x00, 0x00, 0x00, 0x00, 0x00, 0x00,
  0x00, 0x00, 0x00, 0x00, 0x00, 0x00, 0x00, 0x00, 0x00, 0x00, 0x00, 0x00,
  0x00, 0x00, 0x00, 0x00, 0x00, 0x00, 0x00, 0x00, 0x00, 0x00, 0x00, 0x00,
  0x00, 0x00, 0x00, 0x00, 0x00, 0x00, 0x00, 0x00, 0x00, 0x00, 0x00, 0x00,
  0x00, 0x00, 0x00, 0x00, 0x00, 0x00, 0x00, 0x00, 0x00, 0x00, 0x00, 0x00,
  0x00, 0x00, 0x00, 0x00, 0x00, 0x00, 0x00, 0x00, 0x00, 0x00, 0x00, 0x00,
  0x00, 0x00, 0x00, 0x00, 0x00, 0x00, 0x00, 0x00, 0x00, 0x00, 0x00, 0x00,
  0x00, 0x00, 0x00, 0x00, 0x00, 0x00, 0x00, 0x00, 0x00, 0x00, 0x00, 0x00,
  0x00, 0x00, 0x00, 0x00, 0x00, 0x00, 0x00, 0x00, 0x00, 0x00, 0x00, 0x00,
  0x00, 0x00, 0x00, 0x00, 0x00, 0x00, 0x00, 0x00, 0x00, 0x00, 0x00, 0x00,
  0x00, 0x00, 0x00, 0x00, 0x00, 0x00, 0x00, 0x00, 0x00, 0x00, 0x00, 0x00,
  0x00, 0x00, 0x00, 0x00, 0x00, 0x00, 0x00, 0x00, 0x00, 0x00, 0x00, 0x00,
  0x00, 0x00, 0x00, 0x00, 0x00, 0x00, 0x00, 0x00, 0x00, 0x00, 0x00, 0x00,
  0x00, 0x00, 0x00, 0x00, 0x00, 0x00, 0x00, 0x00, 0x00, 0x00, 0x00, 0x00,
  0x00, 0x00, 0x00, 0x00, 0x00, 0x00, 0x00, 0x00, 0x00, 0x00, 0x00, 0x00,
  0x00, 0x00, 0x00, 0x00, 0x00, 0x00, 0x00, 0x00, 0x00, 0x00, 0x00, 0x00,
  0x00, 0x00, 0x00, 0x00, 0x00, 0x00, 0x00, 0x00, 0x00, 0x00, 0x00, 0x00,
  0x00, 0x00, 0x00, 0x00, 0x00, 0x00, 0x00, 0x00, 0x00, 0x00, 0x00, 0x00,
  0x00, 0x00, 0x00, 0x00, 0x00, 0x00, 0x00, 0x00, 0x00, 0x00, 0x00, 0x00,
  0x00, 0x00, 0x00, 0x00, 0x00, 0x00, 0x00, 0x00, 0x00, 0x00, 0x00, 0x00,
  0x00, 0x00, 0x00, 0x00, 0x00, 0x00, 0x00, 0x00, 0x00, 0x00, 0x00, 0x00,
  0x00, 0x00, 0x00, 0x00, 0x00, 0x00, 0x00, 0x00, 0x00, 0x00, 0x00, 0x00,
  0x00, 0x00, 0x00, 0x00, 0x00, 0x00, 0x00, 0x00, 0x00, 0x00, 0x00, 0x00,
  0x00, 0x00, 0x00, 0x00, 0x00, 0x00, 0x00, 0x00, 0x00, 0x00, 0x00, 0x00,
  0x00, 0x00, 0x00, 0x00, 0x00, 0x00, 0x00, 0x00, 0x00, 0x00, 0x00, 0x00,
  0x00, 0x00, 0x00, 0x00, 0x00, 0x00, 0x00, 0x00, 0x00, 0x00, 0x00, 0x00,
  0x00, 0x00, 0x00, 0x00, 0x00, 0x00, 0x00, 0x00, 0x00, 0x00, 0x00, 0x00,
  0x00, 0x00, 0x00, 0x00, 0x00, 0x00, 0x00, 0x00, 0x00, 0x00, 0x00, 0x00,
  0x00, 0x00, 0x00, 0x00, 0x00, 0x00, 0x00, 0x00, 0x00, 0x00, 0x00, 0x00,
  0x00, 0x00, 0x00, 0x00, 0x00, 0x00, 0x00, 0x00, 0x00, 0x00, 0x00, 0x00,
  0x00, 0x00, 0x00, 0x00, 0x00, 0x00, 0x00, 0x00, 0x00, 0x00, 0x00, 0x00,
  0x00, 0x00, 0x00, 0x00, 0x00, 0x00, 0x00, 0x00, 0x00, 0x00, 0x00, 0x00,
  0x00, 0x00, 0x00, 0x00, 0x00, 0x00, 0x00, 0x00, 0x00, 0x00, 0x00, 0x00,
  0x00, 0x00, 0x00, 0x00, 0x00, 0x00, 0x00, 0x00, 0x00, 0x00, 0x00, 0x00,
  0x00, 0x00, 0x00, 0x00, 0x00, 0x00, 0x00, 0x00, 0x00, 0x00, 0x00, 0x00,
  0x00, 0x00, 0x00, 0x00, 0x00, 0x00, 0x00, 0x00, 0x00, 0x00, 0x00, 0x00,
  0x00, 0x00, 0x00, 0x00, 0x00, 0x00, 0x00, 0x00, 0x00, 0x00, 0x00, 0x00,
  0x00, 0x00, 0x00, 0x00, 0x00, 0x00, 0x00, 0x00, 0x00, 0x00, 0x00, 0x00,
  0x00, 0x00, 0x00, 0x00, 0x00, 0x00, 0x00, 0x00, 0x00, 0x00, 0x00, 0x00,
  0x00, 0x00, 0x00, 0x00, 0x00, 0x00, 0x00, 0x00, 0x00, 0x00, 0x00, 0x00,
  0x00, 0x00, 0x00, 0x00, 0x00, 0x00, 0x00, 0x00, 0x00, 0x00, 0x00, 0x00,
  0x00, 0x00, 0x00, 0x00, 0x00, 0x00, 0x00, 0x00, 0x00, 0x00, 0x00, 0x00,
  0x00, 0x00, 0x00, 0x00, 0x00, 0x00, 0x00, 0x00, 0x00, 0x00, 0x00, 0x00,
  0x00, 0x00, 0x00, 0x00, 0x00, 0x00, 0x00, 0x00, 0x00, 0x00, 0x00, 0x00,
  0x00, 0x00, 0x00, 0x00, 0x00, 0x00, 0x00, 0x00, 0x00, 0x00, 0x00, 0x00,
  0x00, 0x00, 0x00, 0x00, 0x00, 0x00, 0x00, 0x00, 0x00, 0x00, 0x00, 0x00,
  0x00, 0x00, 0x00, 0x00, 0x00, 0x00, 0x00, 0x00, 0x00, 0x00, 0x00, 0x00,
  0x00, 0x00, 0x00, 0x00, 0x00, 0x00, 0x00, 0x00, 0x00, 0x00, 0x00, 0x00,
  0x00, 0x00, 0x00, 0x00, 0x00, 0x00, 0x00, 0x00, 0x00, 0x00, 0x00, 0x00,
  0x00, 0x00, 0x00, 0x00, 0x00, 0x00, 0x00, 0x00, 0x00, 0x00, 0x00, 0x00,
  0x00, 0x00, 0x00, 0x00, 0x00, 0x00, 0x00, 0x00, 0x00, 0x00, 0x00, 0x00,
  0x00, 0x00, 0x00, 0x00, 0x00, 0x00, 0x00, 0x00, 0x00, 0x00, 0x00, 0x00,
  0x00, 0x00, 0x00, 0x00, 0x00, 0x00, 0x00, 0x00, 0x00, 0x00, 0x00, 0x00,
  0x00, 0x00, 0x00, 0x00, 0x00, 0x00, 0x00, 0x00, 0x00, 0x00, 0x00, 0x00,
  0x00, 0x00, 0x00, 0x00, 0x00, 0x00, 0x00, 0x00, 0x00, 0x00, 0x00, 0x00,
  0x00, 0x00, 0x00, 0x00, 0x00, 0x00, 0x00, 0x00, 0x00, 0x00, 0x00, 0x00,
  0x00, 0x00, 0x00, 0x00, 0x00, 0x00, 0x00, 0x00, 0x00, 0x00, 0x00, 0x00,
  0x00, 0x00, 0x00, 0x00, 0x00, 0x00, 0x00, 0x00, 0x00, 0x00, 0x00, 0x00,
  0x00, 0x00, 0x00, 0x00, 0x00, 0x00, 0x00, 0x00, 0x00, 0x00, 0x00, 0x00,
  0x00, 0x00, 0x00, 0x00, 0x00, 0x00, 0x00, 0x00, 0x00, 0x00, 0x00, 0x00,
  0x00, 0x00, 0x00, 0x00, 0x00, 0x00, 0x00, 0x00, 0x00, 0x00, 0x00, 0x00,
  0x00, 0x00, 0x00, 0x00, 0x00, 0x00, 0x00, 0x00, 0x00, 0x00, 0x00, 0x00,
  0x00, 0x00, 0x00, 0x00, 0x00, 0x00, 0x00, 0x00, 0x00, 0x00, 0x00, 0x00,
  0x00, 0x00, 0x00, 0x00, 0x00, 0x00, 0x00, 0x00, 0x00, 0x00, 0x00, 0x00,
  0x00, 0x00, 0x00, 0x00, 0x00, 0x00, 0x00, 0x00, 0x00, 0x00, 0x00, 0x00,
  0x00, 0x00, 0x00, 0x00, 0x00, 0x00, 0x00, 0x00, 0x00, 0x00, 0x00, 0x00,
  0x00, 0x00, 0x00, 0x00, 0x00, 0x00, 0x00, 0x00, 0x00, 0x00, 0x00, 0x00,
  0x00, 0x00, 0x00, 0x00, 0x00, 0x00, 0x00, 0x00, 0x00, 0x00, 0x00, 0x00,
  0x00, 0x00, 0x00, 0x00, 0x00, 0x00, 0x00, 0x00, 0x00, 0x00, 0x00, 0x00,
  0x00, 0x00, 0x00, 0x00, 0x00, 0x00, 0x00, 0x00, 0x00, 0x00, 0x00, 0x00,
  0x00, 0x00, 0x00, 0x00, 0x00, 0x00, 0x00, 0x00, 0x00, 0x00, 0x00, 0x00,
  0x00, 0x00, 0x00, 0x00, 0x00, 0x00, 0x00, 0x00, 0x00, 0x00, 0x00, 0x00,
  0x00, 0x00, 0x00, 0x00, 0x00, 0x00, 0x00, 0x00, 0x00, 0x00, 0x00, 0x00,
  0x00, 0x00, 0x00, 0x00, 0x00, 0x00, 0x00, 0x00, 0x00, 0x00, 0x00, 0x00,
  0x00, 0x00, 0x00, 0x00, 0x00, 0x00, 0x00, 0x00, 0x00, 0x00, 0x00, 0x00,
  0x00, 0x00, 0x00, 0x00, 0x00, 0x00, 0x00, 0x00, 0x00, 0x00, 0x00, 0x00,
  0x00, 0x00, 0x00, 0x00, 0x00, 0x00, 0x00, 0x00, 0x00, 0x00, 0x00, 0x00,
  0x00, 0x00, 0x00, 0x00, 0x00, 0x00, 0x00, 0x00, 0x00, 0x00, 0x00, 0x00,
  0x00, 0x00, 0x00, 0x00, 0x00, 0x00, 0x00, 0x00, 0x00, 0x00, 0x00, 0x00,
  0x00, 0x00, 0x00, 0x00, 0x00, 0x00, 0x00, 0x00, 0x00, 0x00, 0x00, 0x00,
  0x00, 0x00, 0x00, 0x00, 0x00, 0x00, 0x00, 0x00, 0x00, 0x00, 0x00, 0x00,
  0x00, 0x00, 0x00, 0x00, 0x00, 0x00, 0x00, 0x00, 0x00, 0x00, 0x00, 0x00,
  0x00, 0x00, 0x00, 0x00, 0x00, 0x00, 0x00, 0x00, 0x00, 0x00, 0x00, 0x00,
  0x00, 0x00, 0x00, 0x00, 0x00, 0x00, 0x00, 0x00, 0x00, 0x00, 0x00, 0x00,
  0x00, 0x00, 0x00, 0x00, 0x00, 0x00, 0x00, 0x00, 0x00, 0x00, 0x00, 0x00,
  0x00, 0x00, 0x00, 0x00, 0x00, 0x00, 0x00, 0x00, 0x00, 0x00, 0x00, 0x00,
  0x00, 0x00, 0x00, 0x00, 0x00, 0x00, 0x00, 0x00, 0x00, 0x00, 0x00, 0x00,
  0x00, 0x00, 0x00, 0x00, 0x00, 0x00, 0x00, 0x00, 0x00, 0x00, 0x00, 0x00,
  0x00, 0x00, 0x00, 0x00, 0x00, 0x00, 0x00, 0x00, 0x00, 0x00, 0x00, 0x00,
  0x00, 0x00, 0x00, 0x00, 0x00, 0x00, 0x00, 0x00, 0x00, 0x00, 0x00, 0x00,
  0x00, 0x00, 0x00, 0x00, 0x00, 0x00, 0x00, 0x00, 0x00, 0x00, 0x00, 0x00,
  0x00, 0x00, 0x00, 0x00, 0x00, 0x00, 0x00, 0x00, 0x00, 0x00, 0x00, 0x00,
  0x00, 0x00, 0x00, 0x00, 0x00, 0x00, 0x00, 0x00, 0x00, 0x00, 0x00, 0x00,
  0x00, 0x00, 0x00, 0x00, 0x00, 0x00, 0x00, 0x00, 0x00, 0x00, 0x00, 0x00,
  0x00, 0x00, 0x00, 0x00, 0x00, 0x00, 0x00, 0x00, 0x00, 0x00, 0x00, 0x00,
  0x00, 0x00, 0x00, 0x00, 0x00, 0x00, 0x00, 0x00, 0x00, 0x00, 0x00, 0x00,
  0x00, 0x00, 0x00, 0x00, 0x00, 0x00, 0x00, 0x00, 0x00, 0x00, 0x00, 0x00,
  0x00, 0x00, 0x00, 0x00, 0x00, 0x00, 0x00, 0x00, 0x00, 0x00, 0x00, 0x00,
  0x00, 0x00, 0x00, 0x00, 0x00, 0x00, 0x00, 0x00, 0x00, 0x00, 0x00, 0x00,
  0x00, 0x00, 0x00, 0x00, 0x00, 0x00, 0x00, 0x00, 0x00, 0x00, 0x00, 0x00,
  0x00, 0x00, 0x00, 0x00, 0x00, 0x00, 0x00, 0x00, 0x00, 0x00, 0x00, 0x00,
  0x00, 0x00, 0x00, 0x00, 0x00, 0x00, 0x00, 0x00, 0x00, 0x00, 0x00, 0x00,
  0x00, 0x00, 0x00, 0x00, 0x00, 0x00, 0x00, 0x00, 0x00, 0x00, 0x00, 0x00,
  0x00, 0x00, 0x00, 0x00, 0x00, 0x00, 0x00, 0x00, 0x00, 0x00, 0x00, 0x00,
  0x00, 0x00, 0x00, 0x00, 0x00, 0x00, 0x00, 0x00, 0x00, 0x00, 0x00, 0x00,
  0x00, 0x00, 0x00, 0x00, 0x00, 0x00, 0x00, 0x00, 0x00, 0x00, 0x00, 0x00,
  0x00, 0x00, 0x00, 0x00, 0x00, 0x00, 0x00, 0x00, 0x00, 0x00, 0x00, 0x00,
  0x00, 0x00, 0x00, 0x00, 0x00, 0x00, 0x00, 0x00, 0x00, 0x00, 0x00, 0x00,
  0x00, 0x00, 0x00, 0x00, 0x00, 0x00, 0x00, 0x00, 0x00, 0x00, 0x00, 0x00,
  0x00, 0x00, 0x00, 0x00, 0x00, 0x00, 0x00, 0x00, 0x00, 0x00, 0x00, 0x00,
  0x00, 0x00, 0x00, 0x00, 0x00, 0x00, 0x00, 0x00, 0x00, 0x00, 0x00, 0x00,
  0x00, 0x00, 0x00, 0x00, 0x00, 0x00, 0x00, 0x00, 0x00, 0x00, 0x00, 0x00,
  0x00, 0x00, 0x00, 0x00, 0x00, 0x00, 0x00, 0x00, 0x00, 0x00, 0x00, 0x00,
  0x00, 0x00, 0x00, 0x00, 0x00, 0x00, 0x00, 0x00, 0x00, 0x00, 0x00, 0x00,
  0x00, 0x00, 0x00, 0x00, 0x00, 0x00, 0x00, 0x00, 0x00, 0x00, 0x00, 0x00,
  0x00, 0x00, 0x00, 0x00, 0x00, 0x00, 0x00, 0x00, 0x00, 0x00, 0x00, 0x00,
  0x00, 0x00, 0x00, 0x00, 0x00, 0x00, 0x00, 0x00, 0x00, 0x00, 0x00, 0x00,
  0x00, 0x00, 0x00, 0x00, 0x00, 0x00, 0x00, 0x00, 0x00, 0x00, 0x00, 0x00,
  0x00, 0x00, 0x00, 0x00, 0x00, 0x00, 0x00, 0x00, 0x00, 0x00, 0x00, 0x00,
  0x00, 0x00, 0x00, 0x00, 0x00, 0x00, 0x00, 0x00, 0x00, 0x00, 0x00, 0x00,
  0x00, 0x00, 0x00, 0x00, 0x00, 0x00, 0x00, 0x00, 0x00, 0x00, 0x00, 0x00,
  0x00, 0x00, 0x00, 0x00, 0x00, 0x00, 0x00, 0x00, 0x00, 0x00, 0x00, 0x00,
  0x00, 0x00, 0x00, 0x00, 0x00, 0x00, 0x00, 0x00, 0x00, 0x00, 0x00, 0x00,
  0x00, 0x00, 0x00, 0x00, 0x00, 0x00, 0x00, 0x00, 0x00, 0x00, 0x00, 0x00,
  0x00, 0x00, 0x00, 0x00, 0x00, 0x00, 0x00, 0x00, 0x00, 0x00, 0x00, 0x00,
  0x00, 0x00, 0x00, 0x00, 0x00, 0x00, 0x00, 0x00, 0x00, 0x00, 0x00, 0x00,
  0x00, 0x00, 0x00, 0x00, 0x00, 0x00, 0x00, 0x00, 0x00, 0x00, 0x00, 0x00,
  0x00, 0x00, 0x00, 0x00, 0x00, 0x00, 0x00, 0x00, 0x00, 0x00, 0x00, 0x00,
  0x00, 0x00, 0x00, 0x00, 0x00, 0x00, 0x00, 0x00, 0x00, 0x00, 0x00, 0x00,
  0x00, 0x00, 0x00, 0x00, 0x00, 0x00, 0x00, 0x00, 0x00, 0x00, 0x00, 0x00,
  0x00, 0x00, 0x00, 0x00, 0x00, 0x00, 0x00, 0x00, 0x00, 0x00, 0x00, 0x00,
  0x00, 0x00, 0x00, 0x00, 0x00, 0x00, 0x00, 0x00, 0x00, 0x00, 0x00, 0x00,
  0x00, 0x00, 0x00, 0x00, 0x00, 0x00, 0x00, 0x00, 0x00, 0x00, 0x00, 0x00,
  0x00, 0x00, 0x00, 0x00, 0x00, 0x00, 0x00, 0x00, 0x00, 0x00, 0x00, 0x00,
  0x00, 0x00, 0x00, 0x00, 0x00, 0x00, 0x00, 0x00, 0x00, 0x00, 0x00, 0x00,
  0x00, 0x00, 0x00, 0x00, 0x00, 0x00, 0x00, 0x00, 0x00, 0x00, 0x00, 0x00,
  0x00, 0x00, 0x00, 0x00, 0x00, 0x00, 0x00, 0x00, 0x00, 0x00, 0x00, 0x00,
  0x00, 0x00, 0x00, 0x00, 0x00, 0x00, 0x00, 0x00, 0x00, 0x00, 0x00, 0x00,
  0x00, 0x00, 0x00, 0x00, 0x00, 0x00, 0x00, 0x00, 0x00, 0x00, 0x00, 0x00,
  0x00, 0x00, 0x00, 0x00, 0x00, 0x00, 0x00, 0x00, 0x00, 0x00, 0x00, 0x00,
  0x00, 0x00, 0x00, 0x00, 0x00, 0x00, 0x00, 0x00, 0x00, 0x00, 0x00, 0x00,
  0x00, 0x00, 0x00, 0x00, 0x00, 0x00, 0x00, 0x00, 0x00, 0x00, 0x00, 0x00,
  0x00, 0x00, 0x00, 0x00, 0x00, 0x00, 0x00, 0x00, 0x00, 0x00, 0x00, 0x00,
  0x00, 0x00, 0x00, 0x00, 0x00, 0x00, 0x00, 0x00, 0x00, 0x00, 0x00, 0x00,
  0x00, 0x00, 0x00, 0x00, 0x00, 0x00, 0x00, 0x00, 0x00, 0x00, 0x00, 0x00,
  0x00, 0x00, 0x00, 0x00, 0x00, 0x00, 0x00, 0x00, 0x00, 0x00, 0x00, 0x00,
  0x00, 0x00, 0x00, 0x00, 0x00, 0x00, 0x00, 0x00, 0x00, 0x00, 0x00, 0x00,
  0x00, 0x00, 0x00, 0x00, 0x00, 0x00, 0x00, 0x00, 0x00, 0x00, 0x00, 0x00,
  0x00, 0x00, 0x00, 0x00, 0x00, 0x00, 0x00, 0x00, 0x00, 0x00, 0x00, 0x00,
  0x00, 0x00, 0x00, 0x00, 0x00, 0x00, 0x00, 0x00, 0x00, 0x00, 0x00, 0x00,
  0x00, 0x00, 0x00, 0x00, 0x00, 0x00, 0x00, 0x00, 0x00, 0x00, 0x00, 0x00,
  0x00, 0x00, 0x00, 0x00, 0x00, 0x00, 0x00, 0x00, 0x00, 0x00, 0x00, 0x00,
  0x00, 0x00, 0x00, 0x00, 0x00, 0x00, 0x00, 0x00, 0x00, 0x00, 0x00, 0x00,
  0x00, 0x00, 0x00, 0x00, 0x00, 0x00, 0x00, 0x00, 0x00, 0x00, 0x00, 0x00,
  0x00, 0x00, 0x00, 0x00, 0x00, 0x00, 0x00, 0x00, 0x00, 0x00, 0x00, 0x00,
  0x00, 0x00, 0x00, 0x00, 0x00, 0x00, 0x00, 0x00, 0x00, 0x00, 0x00, 0x00,
  0x00, 0x00, 0x00, 0x00, 0x00, 0x00, 0x00, 0x00, 0x00, 0x00, 0x00, 0x00,
  0x00, 0x00, 0x00, 0x00, 0x00, 0x00, 0x00, 0x00, 0x00, 0x00, 0x00, 0x00,
  0x00, 0x00, 0x00, 0x00, 0x00, 0x00, 0x00, 0x00, 0x00, 0x00, 0x00, 0x00,
  0x00, 0x00, 0x00, 0x00, 0x00, 0x00, 0x00, 0x00, 0x00, 0x00, 0x00, 0x00,
  0x00, 0x00, 0x00, 0x00, 0x00, 0x00, 0x00, 0x00, 0x00, 0x00, 0x00, 0x00,
  0x00, 0x00, 0x00, 0x00, 0x00, 0x00, 0x00, 0x00, 0x00, 0x00, 0x00, 0x00,
  0x00, 0x00, 0x00, 0x00, 0x00, 0x00, 0x00, 0x00, 0x00, 0x00, 0x00, 0x00,
  0x00, 0x00, 0x00, 0x00, 0x00, 0x00, 0x00, 0x00, 0x00, 0x00, 0x00, 0x00,
  0x00, 0x00, 0x00, 0x00, 0x00, 0x00, 0x00, 0x00, 0x00, 0x00, 0x00, 0x00,
  0x00, 0x00, 0x00, 0x00, 0x00, 0x00, 0x00, 0x00, 0x00, 0x00, 0x00, 0x00,
  0x00, 0x00, 0x00, 0x00, 0x00, 0x00, 0x00, 0x00, 0x00, 0x00, 0x00, 0x00,
  0x00, 0x00, 0x00, 0x00, 0x00, 0x00, 0x00, 0x00, 0x00, 0x00, 0x00, 0x00,
  0x00, 0x00, 0x00, 0x00, 0x00, 0x00, 0x00, 0x00, 0x00, 0x00, 0x00, 0x00,
  0x00, 0x00, 0x00, 0x00, 0x00, 0x00, 0x00, 0x00, 0x00, 0x00, 0x00, 0x00,
  0x00, 0x00, 0x00, 0x00, 0x00, 0x00, 0x00, 0x00, 0x00, 0x00, 0x00, 0x00,
  0x00, 0x00, 0x00, 0x00, 0x00, 0x00, 0x00, 0x00, 0x00, 0x00, 0x00, 0x00,
  0x00, 0x00, 0x00, 0x00, 0x00, 0x00, 0x00, 0x00, 0x00, 0x00, 0x00, 0x00,
  0x00, 0x00, 0x00, 0x00, 0x00, 0x00, 0x00, 0x00, 0x00, 0x00, 0x00, 0x00,
  0x00, 0x00, 0x00, 0x00, 0x00, 0x00, 0x00, 0x00, 0x00, 0x00, 0x00, 0x00,
  0x00, 0x00, 0x00, 0x00, 0x00, 0x00, 0x00, 0x00, 0x00, 0x00, 0x00, 0x00,
  0x00, 0x00, 0x00, 0x00, 0x00, 0x00, 0x00, 0x00, 0x00, 0x00, 0x00, 0x00,
  0x00, 0x00, 0x00, 0x00, 0x00, 0x00, 0x00, 0x00, 0x00, 0x00, 0x00, 0x00,
  0x00, 0x00, 0x00, 0x00, 0x00, 0x00, 0x00, 0x00, 0x00, 0x00, 0x00, 0x00,
  0x00, 0x00, 0x00, 0x00, 0x00, 0x00, 0x00, 0x00, 0x00, 0x00, 0x00, 0x00,
  0x00, 0x00, 0x00, 0x00, 0x00, 0x00, 0x00, 0x00, 0x00, 0x00, 0x00, 0x00,
  0x00, 0x00, 0x00, 0x00, 0x00, 0x00, 0x00, 0x00, 0x00, 0x00, 0x00, 0x00,
  0x00, 0x00, 0x00, 0x00, 0x00, 0x00, 0x00, 0x00, 0x00, 0x00, 0x00, 0x00,
  0x00, 0x00, 0x00, 0x00, 0x00, 0x00, 0x00, 0x00, 0x00, 0x00, 0x00, 0x00,
  0x00, 0x00, 0x00, 0x00, 0x00, 0x00, 0x00, 0x00, 0x00, 0x00, 0x00, 0x00,
  0x00, 0x00, 0x00, 0x00, 0x00, 0x00, 0x00, 0x00, 0x00, 0x00, 0x00, 0x00,
  0x00, 0x00, 0x00, 0x00, 0x00, 0x00, 0x00, 0x00, 0x00, 0x00, 0x00, 0x00,
  0x00, 0x00, 0x00, 0x00, 0x00, 0x00, 0x00, 0x00, 0x00, 0x00, 0x00, 0x00,
  0x00, 0x00, 0x00, 0x00, 0x00, 0x00, 0x00, 0x00, 0x00, 0x00, 0x00, 0x00,
  0x00, 0x00, 0x00, 0x00, 0x00, 0x00, 0x00, 0x00, 0x00, 0x00, 0x00, 0x00,
  0x00, 0x00, 0x00, 0x00, 0x00, 0x00, 0x00, 0x00, 0x00, 0x00, 0x00, 0x00,
  0x00, 0x00, 0x00, 0x00, 0x00, 0x00, 0x00, 0x00, 0x00, 0x00, 0x00, 0x00,
  0x00, 0x00, 0x00, 0x00, 0x00, 0x00, 0x00, 0x00, 0x00, 0x00, 0x00, 0x00,
  0x00, 0x00, 0x00, 0x00, 0x00, 0x00, 0x00, 0x00, 0x00, 0x00, 0x00, 0x00,
  0x00, 0x00, 0x00, 0x00, 0x00, 0x00, 0x00, 0x00, 0x00, 0x00, 0x00, 0x00,
  0x00, 0x00, 0x00, 0x00, 0x00, 0x00, 0x00, 0x00, 0x00, 0x00, 0x00, 0x00,
  0x00, 0x00, 0x00, 0x00, 0x00, 0x00, 0x00, 0x00, 0x00, 0x00, 0x00, 0x00,
  0x00, 0x00, 0x00, 0x00, 0x00, 0x00, 0x00, 0x00, 0x00, 0x00, 0x00, 0x00,
  0x00, 0x00, 0x00, 0x00, 0x00, 0x00, 0x00, 0x00, 0x00, 0x00, 0x00, 0x00,
  0x00, 0x00, 0x00, 0x00, 0x00, 0x00, 0x00, 0x00, 0x00, 0x00, 0x00, 0x00,
  0x00, 0x00, 0x00, 0x00, 0x00, 0x00, 0x00, 0x00, 0x00, 0x00, 0x00, 0x00,
  0x00, 0x00, 0x00, 0x00, 0x00, 0x00, 0x00, 0x00, 0x00, 0x00, 0x00, 0x00,
  0x00, 0x00, 0x00, 0x00, 0x00, 0x00, 0x00, 0x00, 0x00, 0x00, 0x00, 0x00,
  0x00, 0x00, 0x00, 0x00, 0x00, 0x00, 0x00, 0x00, 0x00, 0x00, 0x00, 0x00,
  0x00, 0x00, 0x00, 0x00, 0x00, 0x00, 0x00, 0x00, 0x00, 0x00, 0x00, 0x00,
  0x00, 0x00, 0x00, 0x00, 0x00, 0x00, 0x00, 0x00, 0x00, 0x00, 0x00, 0x00,
  0x00, 0x00, 0x00, 0x00, 0x00, 0x00, 0x00, 0x00, 0x00, 0x00, 0x00, 0x00,
  0x00, 0x00, 0x00, 0x00, 0x00, 0x00, 0x00, 0x00, 0x00, 0x00, 0x00, 0x00,
  0x00, 0x00, 0x00, 0x00, 0x00, 0x00, 0x00, 0x00, 0x00, 0x00, 0x00, 0x00,
  0x00, 0x00, 0x00, 0x00, 0x00, 0x00, 0x00, 0x00, 0x00, 0x00, 0x00, 0x00,
  0x00, 0x00, 0x00, 0x00, 0x00, 0x00, 0x00, 0x00, 0x00, 0x00, 0x00, 0x00,
  0x00, 0x00, 0x00, 0x00, 0x00, 0x00, 0x00, 0x00, 0x00, 0x00, 0x00, 0x00,
  0x00, 0x00, 0x00, 0x00, 0x00, 0x00, 0x00, 0x00, 0x00, 0x00, 0x00, 0x00,
  0x00, 0x00, 0x00, 0x00, 0x00, 0x00, 0x00, 0x00, 0x00, 0x00, 0x00, 0x00,
  0x00, 0x00, 0x00, 0x00, 0x00, 0x00, 0x00, 0x00, 0x00, 0x00, 0x00, 0x00,
  0x00, 0x00, 0x00, 0x00, 0x00, 0x00, 0x00, 0x00, 0x00, 0x00, 0x00, 0x00,
  0x00, 0x00, 0x00, 0x00, 0x00, 0x00, 0x00, 0x00, 0x00, 0x00, 0x00, 0x00,
  0x00, 0x00, 0x00, 0x00, 0x00, 0x00, 0x00, 0x00, 0x00, 0x00, 0x00, 0x00,
  0x00, 0x00, 0x00, 0x00, 0x00, 0x00, 0x00, 0x00, 0x00, 0x00, 0x00, 0x00,
  0x00, 0x00, 0x00, 0x00, 0x00, 0x00, 0x00, 0x00, 0x00, 0x00, 0x00, 0x00,
  0x00, 0x00, 0x00, 0x00, 0x00, 0x00, 0x00, 0x00, 0x00, 0x00, 0x00, 0x00,
  0x00, 0x00, 0x00, 0x00, 0x00, 0x00, 0x00, 0x00, 0x00, 0x00, 0x00, 0x00,
  0x00, 0x00, 0x00, 0x00, 0x00, 0x00, 0x00, 0x00, 0x00, 0x00, 0x00, 0x00,
  0x00, 0x00, 0x00, 0x00, 0x00, 0x00, 0x00, 0x00, 0x00, 0x00, 0x00, 0x00,
  0x00, 0x00, 0x00, 0x00, 0x00, 0x00, 0x00, 0x00, 0x00, 0x00, 0x00, 0x00,
  0x00, 0x00, 0x00, 0x00, 0x00, 0x00, 0x00, 0x00, 0x00, 0x00, 0x00, 0x00,
  0x00, 0x00, 0x00, 0x00, 0x00, 0x00, 0x00, 0x00, 0x00, 0x00, 0x00, 0x00,
  0x00, 0x00, 0x00, 0x00, 0x00, 0x00, 0x00, 0x00, 0x00, 0x00, 0x00, 0x00,
  0x00, 0x00, 0x00, 0x00, 0x00, 0x00, 0x00, 0x00, 0x00, 0x00, 0x00, 0x00,
  0x00, 0x00, 0x00, 0x00, 0x00, 0x00, 0x00, 0x00, 0x00, 0x00, 0x00, 0x00,
  0x00, 0x00, 0x00, 0x00, 0x00, 0x00, 0x00, 0x00, 0x00, 0x00, 0x00, 0x00,
  0x00, 0x00, 0x00, 0x00, 0x00, 0x00, 0x00, 0x00, 0x00, 0x00, 0x00, 0x00,
  0x00, 0x00, 0x00, 0x00, 0x00, 0x00, 0x00, 0x00, 0x00, 0x00, 0x00, 0x00,
  0x00, 0x00, 0x00, 0x00, 0x00, 0x00, 0x00, 0x00, 0x00, 0x00, 0x00, 0x00,
  0x00, 0x00, 0x00, 0x00, 0x00, 0x00, 0x00, 0x00, 0x00, 0x00, 0x00, 0x00,
  0x00, 0x00, 0x00, 0x00, 0x00, 0x00, 0x00, 0x00, 0x00, 0x00, 0x00, 0x00,
  0x00, 0x00, 0x00, 0x00, 0x00, 0x00, 0x00, 0x00, 0x00, 0x00, 0x00, 0x00,
  0x00, 0x00, 0x00, 0x00, 0x00, 0x00, 0x00, 0x00, 0x00, 0x00, 0x00, 0x00,
  0x00, 0x00, 0x00, 0x00, 0x00, 0x00, 0x00, 0x00, 0x00, 0x00, 0x00, 0x00,
  0x00, 0x00, 0x00, 0x00, 0x00, 0x00, 0x00, 0x00, 0x00, 0x00, 0x00, 0x00,
  0x00, 0x00, 0x00, 0x00, 0x00, 0x00, 0x00, 0x00, 0x00, 0x00, 0x00, 0x00,
  0x00, 0x00, 0x00, 0x00, 0x00, 0x00, 0x00, 0x00, 0x00, 0x00, 0x00, 0x00,
  0x00, 0x00, 0x00, 0x00, 0x00, 0x00, 0x00, 0x00, 0x00, 0x00, 0x00, 0x00,
  0x00, 0x00, 0x00, 0x00, 0x00, 0x00, 0x00, 0x00, 0x00, 0x00, 0x00, 0x00,
  0x00, 0x00, 0x00, 0x00, 0x00, 0x00, 0x00, 0x00, 0x00, 0x00, 0x00, 0x00,
  0x00, 0x00, 0x00, 0x00, 0x00, 0x00, 0x00, 0x00, 0x00, 0x00, 0x00, 0x00,
  0x00, 0x00, 0x00, 0x00, 0x00, 0x00, 0x00, 0x00, 0x00, 0x00, 0x00, 0x00,
  0x00, 0x00, 0x00, 0x00, 0x00, 0x00, 0x00, 0x00, 0x00, 0x00, 0x00, 0x00,
  0x00, 0x00, 0x00, 0x00, 0x00, 0x00, 0x00, 0x00, 0x00, 0x00, 0x00, 0x00,
  0x00, 0x00, 0x00, 0x00, 0x00, 0x00, 0x00, 0x00, 0x00, 0x00, 0x00, 0x00,
  0x00, 0x00, 0x00, 0x00, 0x00, 0x00, 0x00, 0x00, 0x00, 0x00, 0x00, 0x00,
  0x00, 0x00, 0x00, 0x00, 0x00, 0x00, 0x00, 0x00, 0x00, 0x00, 0x00, 0x00,
  0x00, 0x00, 0x00, 0x00, 0x00, 0x00, 0x00, 0x00, 0x00, 0x00, 0x00, 0x00,
  0x00, 0x00, 0x00, 0x00, 0x00, 0x00, 0x00, 0x00, 0x00, 0x00, 0x00, 0x00,
  0x00, 0x00, 0x00, 0x00, 0x00, 0x00, 0x00, 0x00, 0x00, 0x00, 0x00, 0x00,
  0x00, 0x00, 0x00, 0x00, 0x00, 0x00, 0x00, 0x00, 0x00, 0x00, 0x00, 0x00,
  0x00, 0x00, 0x00, 0x00, 0x00, 0x00, 0x00, 0x00, 0x00, 0x00, 0x00, 0x00,
  0x00, 0x00, 0x00, 0x00, 0x00, 0x00, 0x00, 0x00, 0x00, 0x00, 0x00, 0x00,
  0x00, 0x00, 0x00, 0x00, 0x00, 0x00, 0x00, 0x00, 0x00, 0x00, 0x00, 0x00,
  0x00, 0x00, 0x00, 0x00, 0x00, 0x00, 0x00, 0x00, 0x00, 0x00, 0x00, 0x00,
  0x00, 0x00, 0x00, 0x00, 0x00, 0x00, 0x00, 0x00, 0x00, 0x00, 0x00, 0x00,
  0x00, 0x00, 0x00, 0x00, 0x00, 0x00, 0x00, 0x00, 0x00, 0x00, 0x00, 0x00,
  0x00, 0x00, 0x00, 0x00, 0x00, 0x00, 0x00, 0x00, 0x00, 0x00, 0x00, 0x00,
  0x00, 0x00, 0x00, 0x00, 0x00, 0x00, 0x00, 0x00, 0x00, 0x00, 0x00, 0x00,
  0x00, 0x00, 0x00, 0x00, 0x00, 0x00, 0x00, 0x00, 0x00, 0x00, 0x00, 0x00,
  0x00, 0x00, 0x00, 0x00, 0x00, 0x00, 0x00, 0x00, 0x00, 0x00, 0x00, 0x00,
  0x00, 0x00, 0x00, 0x00, 0x00, 0x00, 0x00, 0x00, 0x00, 0x00, 0x00, 0x00,
  0x00, 0x00, 0x00, 0x00, 0x00, 0x00, 0x00, 0x00, 0x00, 0x00, 0x00, 0x00,
  0x00, 0x00, 0x00, 0x00, 0x00, 0x00, 0x00, 0x00, 0x00, 0x00, 0x00, 0x00,
  0x00, 0x00, 0x00, 0x00, 0x00, 0x00, 0x00, 0x00, 0x00, 0x00, 0x00, 0x00,
  0x00, 0x00, 0x00, 0x00, 0x00, 0x00, 0x00, 0x00, 0x00, 0x00, 0x00, 0x00,
  0x00, 0x00, 0x00, 0x00, 0x00, 0x00, 0x00, 0x00, 0x00, 0x00, 0x00, 0x00,
  0x00, 0x00, 0x00, 0x00, 0x00, 0x00, 0x00, 0x00, 0x00, 0x00, 0x00, 0x00,
  0x00, 0x00, 0x00, 0x00, 0x00, 0x00, 0x00, 0x00, 0x00, 0x00, 0x00, 0x00,
  0x00, 0x00, 0x00, 0x00, 0x00, 0x00, 0x00, 0x00, 0x00, 0x00, 0x00, 0x00,
  0x00, 0x00, 0x00, 0x00, 0x00, 0x00, 0x00, 0x00, 0x00, 0x00, 0x00, 0x00,
  0x00, 0x00, 0x00, 0x00, 0x00, 0x00, 0x00, 0x00, 0x00, 0x00, 0x00, 0x00,
  0x00, 0x00, 0x00, 0x00, 0x00, 0x00, 0x00, 0x00, 0x00, 0x00, 0x00, 0x00,
  0x00, 0x00, 0x00, 0x00, 0x00, 0x00, 0x00, 0x00, 0x00, 0x00, 0x00, 0x00,
  0x00, 0x00, 0x00, 0x00, 0x00, 0x00, 0x00, 0x00, 0x00, 0x00, 0x00, 0x00,
  0x00, 0x00, 0x00, 0x00, 0x00, 0x00, 0x00, 0x00, 0x00, 0x00, 0x00, 0x00,
  0x00, 0x00, 0x00, 0x00, 0x00, 0x00, 0x00, 0x00, 0x00, 0x00, 0x00, 0x00,
  0x00, 0x00, 0x00, 0x00, 0x00, 0x00, 0x00, 0x00, 0x00, 0x00, 0x00, 0x00,
  0x00, 0x00, 0x00, 0x00, 0x00, 0x00, 0x00, 0x00, 0x00, 0x00, 0x00, 0x00,
  0x00, 0x00, 0x00, 0x00, 0x00, 0x00, 0x00, 0x00, 0x00, 0x00, 0x00, 0x00,
  0x00, 0x00, 0x00, 0x00, 0x00, 0x00, 0x00, 0x00, 0x00, 0x00, 0x00, 0x00,
  0x00, 0x00, 0x00, 0x00, 0x00, 0x00, 0x00, 0x00, 0x00, 0x00, 0x00, 0x00,
  0x00, 0x00, 0x00, 0x00, 0x00, 0x00, 0x00, 0x00, 0x00, 0x00, 0x00, 0x00,
  0x00, 0x00, 0x00, 0x00, 0x00, 0x00, 0x00, 0x00, 0x00, 0x00, 0x00, 0x00,
  0x00, 0x00, 0x00, 0x00, 0x00, 0x00, 0x00, 0x00, 0x00, 0x00, 0x00, 0x00,
  0x00, 0x00, 0x00, 0x00, 0x00, 0x00, 0x00, 0x00, 0x00, 0x00, 0x00, 0x00,
  0x00, 0x00, 0x00, 0x00, 0x00, 0x00, 0x00, 0x00, 0x00, 0x00, 0x00, 0x00,
  0x00, 0x00, 0x00, 0x00, 0x00, 0x00, 0x00, 0x00, 0x00, 0x00, 0x00, 0x00,
  0x00, 0x00, 0x00, 0x00, 0x00, 0x00, 0x00, 0x00, 0x00, 0x00, 0x00, 0x00,
  0x00, 0x00, 0x00, 0x00, 0x00, 0x00, 0x00, 0x00, 0x00, 0x00, 0x00, 0x00,
  0x00, 0x00, 0x00, 0x00, 0x00, 0x00, 0x00, 0x00, 0x00, 0x00, 0x00, 0x00,
  0x00, 0x00, 0x00, 0x00, 0x00, 0x00, 0x00, 0x00, 0x00, 0x00, 0x00, 0x00,
  0x00, 0x00, 0x00, 0x00, 0x00, 0x00, 0x00, 0x00, 0x00, 0x00, 0x00, 0x00,
  0x00, 0x00, 0x00, 0x00, 0x00, 0x00, 0x00, 0x00, 0x00, 0x00, 0x00, 0x00,
  0x00, 0x00, 0x00, 0x00, 0x00, 0x00, 0x00, 0x00, 0x00, 0x00, 0x00, 0x00,
  0x00, 0x00, 0x00, 0x00, 0x00, 0x00, 0x00, 0x00, 0x00, 0x00, 0x00, 0x00,
  0x00, 0x00, 0x00, 0x00, 0x00, 0x00, 0x00, 0x00, 0x00, 0x00, 0x00, 0x00,
  0x00, 0x00, 0x00, 0x00, 0x00, 0x00, 0x00, 0x00, 0x00, 0x00, 0x00, 0x00,
  0x00, 0x00, 0x00, 0x00, 0x00, 0x00, 0x00, 0x00, 0x00, 0x00, 0x00, 0x00,
  0x00, 0x00, 0x00, 0x00, 0x00, 0x00, 0x00, 0x00, 0x00, 0x00, 0x00, 0x00,
  0x00, 0x00, 0x00, 0x00, 0x00, 0x00, 0x00, 0x00, 0x00, 0x00, 0x00, 0x00,
  0x00, 0x00, 0x00, 0x00, 0x00, 0x00, 0x00, 0x00, 0x00, 0x00, 0x00, 0x00,
  0x00, 0x00, 0x00, 0x00, 0x00, 0x00, 0x00, 0x00, 0x00, 0x00, 0x00, 0x00,
  0x00, 0x00, 0x00, 0x00, 0x00, 0x00, 0x00, 0x00, 0x00, 0x00, 0x00, 0x00,
  0x00, 0x00, 0x00, 0x00, 0x00, 0x00, 0x00, 0x00, 0x00, 0x00, 0x00, 0x00,
  0x00, 0x00, 0x00, 0x00, 0x00, 0x00, 0x00, 0x00, 0x00, 0x00, 0x00, 0x00,
  0x00, 0x00, 0x00, 0x00, 0x00, 0x00, 0x00, 0x00, 0x00, 0x00, 0x00, 0x00,
  0x00, 0x00, 0x00, 0x00, 0x00, 0x00, 0x00, 0x00, 0x00, 0x00, 0x00, 0x00,
  0x00, 0x00, 0x00, 0x00, 0x00, 0x00, 0x00, 0x00, 0x00, 0x00, 0x00, 0x00,
  0x00, 0x00, 0x00, 0x00, 0x00, 0x00, 0x00, 0x00, 0x00, 0x00, 0x00, 0x00,
  0x00, 0x00, 0x00, 0x00, 0x00, 0x00, 0x00, 0x00, 0x00, 0x00, 0x00, 0x00,
  0x00, 0x00, 0x00, 0x00, 0x00, 0x00, 0x00, 0x00, 0x00, 0x00, 0x00, 0x00,
  0x00, 0x00, 0x00, 0x00, 0x00, 0x00, 0x00, 0x00, 0x00, 0x00, 0x00, 0x00,
  0x00, 0x00, 0x00, 0x00, 0x00, 0x00, 0x00, 0x00, 0x00, 0x00, 0x00, 0x00,
  0x00, 0x00, 0x00, 0x00, 0x00, 0x00, 0x00, 0x00, 0x00, 0x00, 0x00, 0x00,
  0x00, 0x00, 0x00, 0x00, 0x00, 0x00, 0x00, 0x00, 0x00, 0x00, 0x00, 0x00,
  0x00, 0x00, 0x00, 0x00, 0x00, 0x00, 0x00, 0x00, 0x00, 0x00, 0x00, 0x00,
  0x00, 0x00, 0x00, 0x00, 0x00, 0x00, 0x00, 0x00, 0x00, 0x00, 0x00, 0x00,
  0x00, 0x00, 0x00, 0x00, 0x00, 0x00, 0x00, 0x00, 0x00, 0x00, 0x00, 0x00,
  0x00, 0x00, 0x00, 0x00, 0x00, 0x00, 0x00, 0x00, 0x00, 0x00, 0x00, 0x00,
  0x00, 0x00, 0x00, 0x00, 0x00, 0x00, 0x00, 0x00, 0x00, 0x00, 0x00, 0x00,
  0x00, 0x00, 0x00, 0x00, 0x00, 0x00, 0x00, 0x00, 0x00, 0x00, 0x00, 0x00,
  0x00, 0x00, 0x00, 0x00, 0x00, 0x00, 0x00, 0x00, 0x00, 0x00, 0x00, 0x00,
  0x00, 0x00, 0x00, 0x00, 0x00, 0x00, 0x00, 0x00, 0x00, 0x00, 0x00, 0x00,
  0x00, 0x00, 0x00, 0x00, 0x00, 0x00, 0x00, 0x00, 0x00, 0x00, 0x00, 0x00,
  0x00, 0x00, 0x00, 0x00, 0x00, 0x00, 0x00, 0x00, 0x00, 0x00, 0x00, 0x00,
  0x00, 0x00, 0x00, 0x00, 0x00, 0x00, 0x00, 0x00, 0x00, 0x00, 0x00, 0x00,
  0x00, 0x00, 0x00, 0x00, 0x00, 0x00, 0x00, 0x00, 0x00, 0x00, 0x00, 0x00,
  0x00, 0x00, 0x00, 0x00, 0x00, 0x00, 0x00, 0x00, 0x00, 0x00, 0x00, 0x00,
  0x00, 0x00, 0x00, 0x00, 0x00, 0x00, 0x00, 0x00, 0x00, 0x00, 0x00, 0x00,
  0x00, 0x00, 0x00, 0x00, 0x00, 0x00, 0x00, 0x00, 0x00, 0x00, 0x00, 0x00,
  0x00, 0x00, 0x00, 0x00, 0x00, 0x00, 0x00, 0x00, 0x00, 0x00, 0x00, 0x00,
  0x00, 0x00, 0x00, 0x00, 0x00, 0x00, 0x00, 0x00, 0x00, 0x00, 0x00, 0x00,
  0x00, 0x00, 0x00, 0x00, 0x00, 0x00, 0x00, 0x00, 0x00, 0x00, 0x00, 0x00,
  0x00, 0x00, 0x00, 0x00, 0x00, 0x00, 0x00, 0x00, 0x00, 0x00, 0x00, 0x00,
  0x00, 0x00, 0x00, 0x00, 0x00, 0x00, 0x00, 0x00, 0x00, 0x00, 0x00, 0x00,
  0x00, 0x00, 0x00, 0x00, 0x00, 0x00, 0x00, 0x00, 0x00, 0x00, 0x00, 0x00,
  0x00, 0x00, 0x00, 0x00, 0x00, 0x00, 0x00, 0x00, 0x00, 0x00, 0x00, 0x00,
  0x00, 0x00, 0x00, 0x00, 0x00, 0x00, 0x00, 0x00, 0x00, 0x00, 0x00, 0x00,
  0x00, 0x00, 0x00, 0x00, 0x00, 0x00, 0x00, 0x00, 0x00, 0x00, 0x00, 0x00,
  0x00, 0x00, 0x00, 0x00, 0x00, 0x00, 0x00, 0x00, 0x00, 0x00, 0x00, 0x00,
  0x00, 0x00, 0x00, 0x00, 0x00, 0x00, 0x00, 0x00, 0x00, 0x00, 0x00, 0x00,
  0x00, 0x00, 0x00, 0x00, 0x00, 0x00, 0x00, 0x00, 0x00, 0x00, 0x00, 0x00,
  0x00, 0x00, 0x00, 0x00, 0x00, 0x00, 0x00, 0x00, 0x00, 0x00, 0x00, 0x00,
  0x00, 0x00, 0x00, 0x00, 0x00, 0x00, 0x00, 0x00, 0x00, 0x00, 0x00, 0x00,
  0x00, 0x00, 0x00, 0x00, 0x00, 0x00, 0x00, 0x00, 0x00, 0x00, 0x00, 0x00,
  0x00, 0x00, 0x00, 0x00, 0x00, 0x00, 0x00, 0x00, 0x00, 0x00, 0x00, 0x00,
  0x00, 0x00, 0x00, 0x00, 0x00, 0x00, 0x00, 0x00, 0x00, 0x00, 0x00, 0x00,
  0x00, 0x00, 0x00, 0x00, 0x00, 0x00, 0x00, 0x00, 0x00, 0x00, 0x00, 0x00,
  0x00, 0x00, 0x00, 0x00, 0x00, 0x00, 0x00, 0x00, 0x00, 0x00, 0x00, 0x00,
  0x00, 0x00, 0x00, 0x00, 0x00, 0x00, 0x00, 0x00, 0x00, 0x00, 0x00, 0x00,
  0x00, 0x00, 0x00, 0x00, 0x00, 0x00, 0x00, 0x00, 0x00, 0x00, 0x00, 0x00,
  0x00, 0x00, 0x00, 0x00, 0x00, 0x00, 0x00, 0x00, 0x00, 0x00, 0x00, 0x00,
  0x00, 0x00, 0x00, 0x00, 0x00, 0x00, 0x00, 0x00, 0x00, 0x00, 0x00, 0x00,
  0x00, 0x00, 0x00, 0x00, 0x00, 0x00, 0x00, 0x00, 0x00, 0x00, 0x00, 0x00,
  0x00, 0x00, 0x00, 0x00, 0x00, 0x00, 0x00, 0x00, 0x00, 0x00, 0x00, 0x00,
  0x00, 0x00, 0x00, 0x00, 0x00, 0x00, 0x00, 0x00, 0x00, 0x00, 0x00, 0x00,
  0x00, 0x00, 0x00, 0x00, 0x00, 0x00, 0x00, 0x00, 0x00, 0x00, 0x00, 0x00,
  0x00, 0x00, 0x00, 0x00, 0x00, 0x00, 0x00, 0x00, 0x00, 0x00, 0x00, 0x00,
  0x00, 0x00, 0x00, 0x00, 0x00, 0x00, 0x00, 0x00, 0x00, 0x00, 0x00, 0x00,
  0x00, 0x00, 0x00, 0x00, 0x00, 0x00, 0x00, 0x00, 0x00, 0x00, 0x00, 0x00,
  0x00, 0x00, 0x00, 0x00, 0x00, 0x00, 0x00, 0x00, 0x00, 0x00, 0x00, 0x00,
  0x00, 0x00, 0x00, 0x00, 0x00, 0x00, 0x00, 0x00, 0x00, 0x00, 0x00, 0x00,
  0x00, 0x00, 0x00, 0x00, 0x00, 0x00, 0x00, 0x00, 0x00, 0x00, 0x00, 0x00,
  0x00, 0x00, 0x00, 0x00, 0x00, 0x00, 0x00, 0x00, 0x00, 0x00, 0x00, 0x00,
  0x00, 0x00, 0x00, 0x00, 0x00, 0x00, 0x00, 0x00, 0x00, 0x00, 0x00, 0x00,
  0x00, 0x00, 0x00, 0x00, 0x00, 0x00, 0x00, 0x00, 0x00, 0x00, 0x00, 0x00,
  0x00, 0x00, 0x00, 0x00, 0x00, 0x00, 0x00, 0x00, 0x00, 0x00, 0x00, 0x00,
  0x00, 0x00, 0x00, 0x00, 0x00, 0x00, 0x00, 0x00, 0x00, 0x00, 0x00, 0x00,
  0x00, 0x00, 0x00, 0x00, 0x00, 0x00, 0x00, 0x00, 0x00, 0x00, 0x00, 0x00,
  0x00, 0x00, 0x00, 0x00, 0x00, 0x00, 0x00, 0x00, 0x00, 0x00, 0x00, 0x00,
  0x00, 0x00, 0x00, 0x00, 0x00, 0x00, 0x00, 0x00, 0x00, 0x00, 0x00, 0x00,
  0x00, 0x00, 0x00, 0x00, 0x00, 0x00, 0x00, 0x00, 0x00, 0x00, 0x00, 0x00,
  0x00, 0x00, 0x00, 0x00, 0x00, 0x00, 0x00, 0x00, 0x00, 0x00, 0x00, 0x00,
  0x00, 0x00, 0x00, 0x00, 0x00, 0x00, 0x00, 0x00, 0x00, 0x00, 0x00, 0x00,
  0x00, 0x00, 0x00, 0x00, 0x00, 0x00, 0x00, 0x00, 0x00, 0x00, 0x00, 0x00,
  0x00, 0x00, 0x00, 0x00, 0x00, 0x00, 0x00, 0x00, 0x00, 0x00, 0x00, 0x00,
  0x00, 0x00, 0x00, 0x00, 0x00, 0x00, 0x00, 0x00, 0x00, 0x00, 0x00, 0x00,
  0x00, 0x00, 0x00, 0x00, 0x00, 0x00, 0x00, 0x00, 0x00, 0x00, 0x00, 0x00,
  0x00, 0x00, 0x00, 0x00, 0x00, 0x00, 0x00, 0x00, 0x00, 0x00, 0x00, 0x00,
  0x00, 0x00, 0x00, 0x00, 0x00, 0x00, 0x00, 0x00, 0x00, 0x00, 0x00, 0x00,
  0x00, 0x00, 0x00, 0x00, 0x00, 0x00, 0x00, 0x00, 0x00, 0x00, 0x00, 0x00,
  0x00, 0x00, 0x00, 0x00, 0x00, 0x00, 0x00, 0x00, 0x00, 0x00, 0x00, 0x00,
  0x00, 0x00, 0x00, 0x00, 0x00, 0x00, 0x00, 0x00, 0x00, 0x00, 0x00, 0x00,
  0x00, 0x00, 0x00, 0x00, 0x00, 0x00, 0x00, 0x00, 0x00, 0x00, 0x00, 0x00,
  0x00, 0x00, 0x00, 0x00, 0x00, 0x00, 0x00, 0x00, 0x00, 0x00, 0x00, 0x00,
  0x00, 0x00, 0x00, 0x00, 0x00, 0x00, 0x00, 0x00, 0x00, 0x00, 0x00, 0x00,
  0x00, 0x00, 0x00, 0x00, 0x00, 0x00, 0x00, 0x00, 0x00, 0x00, 0x00, 0x00,
  0x00, 0x00, 0x00, 0x00, 0x00, 0x00, 0x00, 0x00, 0x00, 0x00, 0x00, 0x00,
  0x00, 0x00, 0x00, 0x00, 0x00, 0x00, 0x00, 0x00, 0x00, 0x00, 0x00, 0x00,
  0x00, 0x00, 0x00, 0x00, 0x00, 0x00, 0x00, 0x00, 0x00, 0x00, 0x00, 0x00,
  0x00, 0x00, 0x00, 0x00, 0x00, 0x00, 0x00, 0x00, 0x00, 0x00, 0x00, 0x00,
  0x00, 0x00, 0x00, 0x00, 0x00, 0x00, 0x00, 0x00, 0x00, 0x00, 0x00, 0x00,
  0x00, 0x00, 0x00, 0x00, 0x00, 0x00, 0x00, 0x00, 0x00, 0x00, 0x00, 0x00,
  0x00, 0x00, 0x00, 0x00, 0x00, 0x00, 0x00, 0x00, 0x00, 0x00, 0x00, 0x00,
  0x00, 0x00, 0x00, 0x00, 0x00, 0x00, 0x00, 0x00, 0x00, 0x00, 0x00, 0x00,
  0x00, 0x00, 0x00, 0x00, 0x00, 0x00, 0x00, 0x00, 0x00, 0x00, 0x00, 0x00,
  0x00, 0x00, 0x00, 0x00, 0x00, 0x00, 0x00, 0x00, 0x00, 0x00, 0x00, 0x00,
  0x00, 0x00, 0x00, 0x00, 0x00, 0x00, 0x00, 0x00, 0x00, 0x00, 0x00, 0x00,
  0x00, 0x00, 0x00, 0x00, 0x00, 0x00, 0x00, 0x00, 0x00, 0x00, 0x00, 0x00,
  0x00, 0x00, 0x00, 0x00, 0x00, 0x00, 0x00, 0x00, 0x00, 0x00, 0x00, 0x00,
  0x00, 0x00, 0x00, 0x00, 0x00, 0x00, 0x00, 0x00, 0x00, 0x00, 0x00, 0x00,
  0x00, 0x00, 0x00, 0x00, 0x00, 0x00, 0x00, 0x00, 0x00, 0x00, 0x00, 0x00,
  0x00, 0x00, 0x00, 0x00, 0x00, 0x00, 0x00, 0x00, 0x00, 0x00, 0x00, 0x00,
  0x00, 0x00, 0x00, 0x00, 0x00, 0x00, 0x00, 0x00, 0x00, 0x00, 0x00, 0x00,
  0x00, 0x00, 0x00, 0x00, 0x00, 0x00, 0x00, 0x00, 0x00, 0x00, 0x00, 0x00,
  0x00, 0x00, 0x00, 0x00, 0x00, 0x00, 0x00, 0x00, 0x00, 0x00, 0x00, 0x00,
  0x00, 0x00, 0x00, 0x00, 0x00, 0x00, 0x00, 0x00, 0x00, 0x00, 0x00, 0x00,
  0x00, 0x00, 0x00, 0x00, 0x00, 0x00, 0x00, 0x00, 0x00, 0x00, 0x00, 0x00,
  0x00, 0x00, 0x00, 0x00, 0x00, 0x00, 0x00, 0x00, 0x00, 0x00, 0x00, 0x00,
  0x00, 0x00, 0x00, 0x00, 0x00, 0x00, 0x00, 0x00, 0x00, 0x00, 0x00, 0x00,
  0x00, 0x00, 0x00, 0x00, 0x00, 0x00, 0x00, 0x00, 0x00, 0x00, 0x00, 0x00,
  0x00, 0x00, 0x00, 0x00, 0x00, 0x00, 0x00, 0x00, 0x00, 0x00, 0x00, 0x00,
  0x00, 0x00, 0x00, 0x00, 0x00, 0x00, 0x00, 0x00, 0x00, 0x00, 0x00, 0x00,
  0x00, 0x00, 0x00, 0x00, 0x00, 0x00, 0x00, 0x00, 0x00, 0x00, 0x00, 0x00,
  0x00, 0x00, 0x00, 0x00, 0x00, 0x00, 0x00, 0x00, 0x00, 0x00, 0x00, 0x00,
  0x00, 0x00, 0x00, 0x00, 0x00, 0x00, 0x00, 0x00, 0x00, 0x00, 0x00, 0x00,
  0x00, 0x00, 0x00, 0x00, 0x00, 0x00, 0x00, 0x00, 0x00, 0x00, 0x00, 0x00,
  0x00, 0x00, 0x00, 0x00, 0x00, 0x00, 0x00, 0x00, 0x00, 0x00, 0x00, 0x00,
  0x00, 0x00, 0x00, 0x00, 0x00, 0x00, 0x00, 0x00, 0x00, 0x00, 0x00, 0x00,
  0x00, 0x00, 0x00, 0x00, 0x00, 0x00, 0x00, 0x00, 0x00, 0x00, 0x00, 0x00,
  0x00, 0x00, 0x00, 0x00, 0x00, 0x00, 0x00, 0x00, 0x00, 0x00, 0x00, 0x00,
  0x00, 0x00, 0x00, 0x00, 0x00, 0x00, 0x00, 0x00, 0x00, 0x00, 0x00, 0x00,
  0x00, 0x00, 0x00, 0x00, 0x00, 0x00, 0x00, 0x00, 0x00, 0x00, 0x00, 0x00,
  0x00, 0x00, 0x00, 0x00, 0x00, 0x00, 0x00, 0x00, 0x00, 0x00, 0x00, 0x00,
  0x00, 0x00, 0x00, 0x00, 0x00, 0x00, 0x00, 0x00, 0x00, 0x00, 0x00, 0x00,
  0x00, 0x00, 0x00, 0x00, 0x00, 0x00, 0x00, 0x00, 0x00, 0x00, 0x00, 0x00,
  0x00, 0x00, 0x00, 0x00, 0x00, 0x00, 0x00, 0x00, 0x00, 0x00, 0x00, 0x00,
  0x00, 0x00, 0x00, 0x00, 0x00, 0x00, 0x00, 0x00, 0x00, 0x00, 0x00, 0x00,
  0x00, 0x00, 0x00, 0x00, 0x00, 0x00, 0x00, 0x00, 0x00, 0x00, 0x00, 0x00,
  0x00, 0x00, 0x00, 0x00, 0x00, 0x00, 0x00, 0x00, 0x00, 0x00, 0x00, 0x00,
  0x00, 0x00, 0x00, 0x00, 0x00, 0x00, 0x00, 0x00, 0x00, 0x00, 0x00, 0x00,
  0x00, 0x00, 0x00, 0x00, 0x00, 0x00, 0x00, 0x00, 0x00, 0x00, 0x00, 0x00,
  0x00, 0x00, 0x00, 0x00, 0x00, 0x00, 0x00, 0x00, 0x00, 0x00, 0x00, 0x00,
  0x00, 0x00, 0x00, 0x00, 0x00, 0x00, 0x00, 0x00, 0x00, 0x00, 0x00, 0x00,
  0x00, 0x00, 0x00, 0x00, 0x00, 0x00, 0x00, 0x00, 0x00, 0x00, 0x00, 0x00,
  0x00, 0x00, 0x00, 0x00, 0x00, 0x00, 0x00, 0x00, 0x00, 0x00, 0x00, 0x00,
  0x00, 0x00, 0x00, 0x00, 0x00, 0x00, 0x00, 0x00, 0x00, 0x00, 0x00, 0x00,
  0x00, 0x00, 0x00, 0x00, 0x00, 0x00, 0x00, 0x00, 0x00, 0x00, 0x00, 0x00,
  0x00, 0x00, 0x00, 0x00, 0x00, 0x00, 0x00, 0x00, 0x00, 0x00, 0x00, 0x00,
  0x00, 0x00, 0x00, 0x00, 0x00, 0x00, 0x00, 0x00, 0x00, 0x00, 0x00, 0x00,
  0x00, 0x00, 0x00, 0x00, 0x00, 0x00, 0x00, 0x00, 0x00, 0x00, 0x00, 0x00,
  0x00, 0x00, 0x00, 0x00, 0x00, 0x00, 0x00, 0x00, 0x00, 0x00, 0x00, 0x00,
  0x00, 0x00, 0x00, 0x00, 0x00, 0x00, 0x00, 0x00, 0x00, 0x00, 0x00, 0x00,
  0x00, 0x00, 0x00, 0x00, 0x00, 0x00, 0x00, 0x00, 0x00, 0x00, 0x00, 0x00,
  0x00, 0x00, 0x00, 0x00, 0x00, 0x00, 0x00, 0x00, 0x00, 0x00, 0x00, 0x00,
  0x00, 0x00, 0x00, 0x00, 0x00, 0x00, 0x00, 0x00, 0x00, 0x00, 0x00, 0x00,
  0x00, 0x00, 0x00, 0x00, 0x00, 0x00, 0x00, 0x00, 0x00, 0x00, 0x00, 0x00,
  0x00, 0x00, 0x00, 0x00, 0x00, 0x00, 0x00, 0x00, 0x00, 0x00, 0x00, 0x00,
  0x00, 0x00, 0x00, 0x00, 0x00, 0x00, 0x00, 0x00, 0x00, 0x00, 0x00, 0x00,
  0x00, 0x00, 0x00, 0x00, 0x00, 0x00, 0x00, 0x00, 0x00, 0x00, 0x00, 0x00,
  0x00, 0x00, 0x00, 0x00, 0x00, 0x00, 0x00, 0x00, 0x00, 0x00, 0x00, 0x00,
  0x00, 0x00, 0x00, 0x00, 0x00, 0x00, 0x00, 0x00, 0x00, 0x00, 0x00, 0x00,
  0x00, 0x00, 0x00, 0x00, 0x00, 0x00, 0x00, 0x00, 0x00, 0x00, 0x00, 0x00,
  0x00, 0x00, 0x00, 0x00, 0x00, 0x00, 0x00, 0x00, 0x00, 0x00, 0x00, 0x00,
  0x00, 0x00, 0x00, 0x00, 0x00, 0x00, 0x00, 0x00, 0x00, 0x00, 0x00, 0x00,
  0x00, 0x00, 0x00, 0x00, 0x00, 0x00, 0x00, 0x00, 0x00, 0x00, 0x00, 0x00,
  0x00, 0x00, 0x00, 0x00, 0x00, 0x00, 0x00, 0x00, 0x00, 0x00, 0x00, 0x00,
  0x00, 0x00, 0x00, 0x00, 0x00, 0x00, 0x00, 0x00, 0x00, 0x00, 0x00, 0x00,
  0x00, 0x00, 0x00, 0x00, 0x00, 0x00, 0x00, 0x00, 0x00, 0x00, 0x00, 0x00,
  0x00, 0x00, 0x00, 0x00, 0x00, 0x00, 0x00, 0x00, 0x00, 0x00, 0x00, 0x00,
  0x00, 0x00, 0x00, 0x00, 0x00, 0x00, 0x00, 0x00, 0x00, 0x00, 0x00, 0x00,
  0x00, 0x00, 0x00, 0x00, 0x00, 0x00, 0x00, 0x00, 0x00, 0x00, 0x00, 0x00,
  0x00, 0x00, 0x00, 0x00, 0x00, 0x00, 0x00, 0x00, 0x00, 0x00, 0x00, 0x00,
  0x00, 0x00, 0x00, 0x00, 0x00, 0x00, 0x00, 0x00, 0x00, 0x00, 0x00, 0x00,
  0x00, 0x00, 0x00, 0x00, 0x00, 0x00, 0x00, 0x00, 0x00, 0x00, 0x00, 0x00,
  0x00, 0x00, 0x00, 0x00, 0x00, 0x00, 0x00, 0x00, 0x00, 0x00, 0x00, 0x00,
  0x00, 0x00, 0x00, 0x00, 0x00, 0x00, 0x00, 0x00, 0x00, 0x00, 0x00, 0x00,
  0x00, 0x00, 0x00, 0x00, 0x00, 0x00, 0x00, 0x00, 0x00, 0x00, 0x00, 0x00,
  0x00, 0x00, 0x00, 0x00, 0x00, 0x00, 0x00, 0x00, 0x00, 0x00, 0x00, 0x00,
  0x00, 0x00, 0x00, 0x00, 0x00, 0x00, 0x00, 0x00, 0x00, 0x00, 0x00, 0x00,
  0x00, 0x00, 0x00, 0x00, 0x00, 0x00, 0x00, 0x00, 0x00, 0x00, 0x00, 0x00,
  0x00, 0x00, 0x00, 0x00, 0x00, 0x00, 0x00, 0x00, 0x00, 0x00, 0x00, 0x00,
  0x00, 0x00, 0x00, 0x00, 0x00, 0x00, 0x00, 0x00, 0x00, 0x00, 0x00, 0x00,
  0x00, 0x00, 0x00, 0x00, 0x00, 0x00, 0x00, 0x00, 0x00, 0x00, 0x00, 0x00,
  0x00, 0x00, 0x00, 0x00, 0x00, 0x00, 0x00, 0x00, 0x00, 0x00, 0x00, 0x00,
  0x00, 0x00, 0x00, 0x00, 0x00, 0x00, 0x00, 0x00, 0x00, 0x00, 0x00, 0x00,
  0x00, 0x00, 0x00, 0x00, 0x00, 0x00, 0x00, 0x00, 0x00, 0x00, 0x00, 0x00,
  0x00, 0x00, 0x00, 0x00, 0x00, 0x00, 0x00, 0x00, 0x00, 0x00, 0x00, 0x00,
  0x00, 0x00, 0x00, 0x00, 0x00, 0x00, 0x00, 0x00, 0x00, 0x00, 0x00, 0x00,
  0x00, 0x00, 0x00, 0x00, 0x00, 0x00, 0x00, 0x00, 0x00, 0x00, 0x00, 0x00,
  0x00, 0x00, 0x00, 0x00, 0x00, 0x00, 0x00, 0x00, 0x00, 0x00, 0x00, 0x00,
  0x00, 0x00, 0x00, 0x00, 0x00, 0x00, 0x00, 0x00, 0x00, 0x00, 0x00, 0x00,
  0x00, 0x00, 0x00, 0x00, 0x00, 0x00, 0x00, 0x00, 0x00, 0x00, 0x00, 0x00,
  0x00, 0x00, 0x00, 0x00, 0x00, 0x00, 0x00, 0x00, 0x00, 0x00, 0x00, 0x00,
  0x00, 0x00, 0x00, 0x00, 0x00, 0x00, 0x00, 0x00, 0x00, 0x00, 0x00, 0x00,
  0x00, 0x00, 0x00, 0x00, 0x00, 0x00, 0x00, 0x00, 0x00, 0x00, 0x00, 0x00,
  0x00, 0x00, 0x00, 0x00, 0x00, 0x00, 0x00, 0x00, 0x00, 0x00, 0x00, 0x00,
  0x00, 0x00, 0x00, 0x00, 0x00, 0x00, 0x00, 0x00, 0x00, 0x00, 0x00, 0x00,
  0x00, 0x00, 0x00, 0x00, 0x00, 0x00, 0x00, 0x00, 0x00, 0x00, 0x00, 0x00,
  0x00, 0x00, 0x00, 0x00, 0x00, 0x00, 0x00, 0x00, 0x00, 0x00, 0x00, 0x00,
  0x00, 0x00, 0x00, 0x00, 0x00, 0x00, 0x00, 0x00, 0x00, 0x00, 0x00, 0x00,
  0x00, 0x00, 0x00, 0x00, 0x00, 0x00, 0x00, 0x00, 0x00, 0x00, 0x00, 0x00,
  0x00, 0x00, 0x00, 0x00, 0x00, 0x00, 0x00, 0x00, 0x00, 0x00, 0x00, 0x00,
  0x00, 0x00, 0x00, 0x00, 0x00, 0x00, 0x00, 0x00, 0x00, 0x00, 0x00, 0x00,
  0x00, 0x00, 0x00, 0x00, 0x00, 0x00, 0x00, 0x00, 0x00, 0x00, 0x00, 0x00,
  0x00, 0x00, 0x00, 0x00, 0x00, 0x00, 0x00, 0x00, 0x00, 0x00, 0x00, 0x00,
  0x00, 0x00, 0x00, 0x00, 0x00, 0x00, 0x00, 0x00, 0x00, 0x00, 0x00, 0x00,
  0x00, 0x00, 0x00, 0x00, 0x00, 0x00, 0x00, 0x00, 0x00, 0x00, 0x00, 0x00,
  0x00, 0x00, 0x00, 0x00, 0x00, 0x00, 0x00, 0x00, 0x00, 0x00, 0x00, 0x00,
  0x00, 0x00, 0x00, 0x00, 0x00, 0x00, 0x00, 0x00, 0x00, 0x00, 0x00, 0x00,
  0x00, 0x00, 0x00, 0x00, 0x00, 0x00, 0x00, 0x00, 0x00, 0x00, 0x00, 0x00,
  0x00, 0x00, 0x00, 0x00, 0x00, 0x00, 0x00, 0x00, 0x00, 0x00, 0x00, 0x00,
  0x00, 0x00, 0x00, 0x00, 0x00, 0x00, 0x00, 0x00, 0x00, 0x00, 0x00, 0x00,
  0x00, 0x00, 0x00, 0x00, 0x00, 0x00, 0x00, 0x00, 0x00, 0x00, 0x00, 0x00,
  0x00, 0x00, 0x00, 0x00, 0x00, 0x00, 0x00, 0x00, 0x00, 0x00, 0x00, 0x00,
  0x00, 0x00, 0x00, 0x00, 0x00, 0x00, 0x00, 0x00, 0x00, 0x00, 0x00, 0x00,
  0x00, 0x00, 0x00, 0x00, 0x00, 0x00, 0x00, 0x00, 0x00, 0x00, 0x00, 0x00,
  0x00, 0x00, 0x00, 0x00, 0x00, 0x00, 0x00, 0x00, 0x00, 0x00, 0x00, 0x00,
  0x00, 0x00, 0x00, 0x00, 0x00, 0x00, 0x00, 0x00, 0x00, 0x00, 0x00, 0x00,
  0x00, 0x00, 0x00, 0x00, 0x00, 0x00, 0x00, 0x00, 0x00, 0x00, 0x00, 0x00,
  0x00, 0x00, 0x00, 0x00, 0x00, 0x00, 0x00, 0x00, 0x00, 0x00, 0x00, 0x00,
  0x00, 0x00, 0x00, 0x00, 0x00, 0x00, 0x00, 0x00, 0x00, 0x00, 0x00, 0x00,
  0x00, 0x00, 0x00, 0x00, 0x00, 0x00, 0x00, 0x00, 0x00, 0x00, 0x00, 0x00,
  0x00, 0x00, 0x00, 0x00, 0x00, 0x00, 0x00, 0x00, 0x00, 0x00, 0x00, 0x00,
  0x00, 0x00, 0x00, 0x00, 0x00, 0x00, 0x00, 0x00, 0x00, 0x00, 0x00, 0x00,
  0x00, 0x00, 0x00, 0x00, 0x00, 0x00, 0x00, 0x00, 0x00, 0x00, 0x00, 0x00,
  0x00, 0x00, 0x00, 0x00, 0x00, 0x00, 0x00, 0x00, 0x00, 0x00, 0x00, 0x00,
  0x00, 0x00, 0x00, 0x00, 0x00, 0x00, 0x00, 0x00, 0x00, 0x00, 0x00, 0x00,
  0x00, 0x00, 0x00, 0x00, 0x00, 0x00, 0x00, 0x00, 0x00, 0x00, 0x00, 0x00,
  0x00, 0x00, 0x00, 0x00, 0x00, 0x00, 0x00, 0x00, 0x00, 0x00, 0x00, 0x00,
  0x00, 0x00, 0x00, 0x00, 0x00, 0x00, 0x00, 0x00, 0x00, 0x00, 0x00, 0x00,
  0x00, 0x00, 0x00, 0x00, 0x00, 0x00, 0x00, 0x00, 0x00, 0x00, 0x00, 0x00,
  0x00, 0x00, 0x00, 0x00, 0x00, 0x00, 0x00, 0x00, 0x00, 0x00, 0x00, 0x00,
  0x00, 0x00, 0x00, 0x00, 0x00, 0x00, 0x00, 0x00, 0x00, 0x00, 0x00, 0x00,
  0x00, 0x00, 0x00, 0x00, 0x00, 0x00, 0x00, 0x00, 0x00, 0x00, 0x00, 0x00,
  0x00, 0x00, 0x00, 0x00, 0x00, 0x00, 0x00, 0x00, 0x00, 0x00, 0x00, 0x00,
  0x00, 0x00, 0x00, 0x00, 0x00, 0x00, 0x00, 0x00, 0x00, 0x00, 0x00, 0x00,
  0x00, 0x00, 0x00, 0x00, 0x00, 0x00, 0x00, 0x00, 0x00, 0x00, 0x00, 0x00,
  0x00, 0x00, 0x00, 0x00, 0x00, 0x00, 0x00, 0x00, 0x00, 0x00, 0x00, 0x00,
  0x00, 0x00, 0x00, 0x00, 0x00, 0x00, 0x00, 0x00, 0x00, 0x00, 0x00, 0x00,
  0x00, 0x00, 0x00, 0x00, 0x00, 0x00, 0x00, 0x00, 0x00, 0x00, 0x00, 0x00,
  0x00, 0x00, 0x00, 0x00, 0x00, 0x00, 0x00, 0x00, 0x00, 0x00, 0x00, 0x00,
  0x00, 0x00, 0x00, 0x00, 0x00, 0x00, 0x00, 0x00, 0x00, 0x00, 0x00, 0x00,
  0x00, 0x00, 0x00, 0x00, 0x00, 0x00, 0x00, 0x00, 0x00, 0x00, 0x00, 0x00,
  0x00, 0x00, 0x00, 0x00, 0x00, 0x00, 0x00, 0x00, 0x00, 0x00, 0x00, 0x00,
  0x00, 0x00, 0x00, 0x00, 0x00, 0x00, 0x00, 0x00, 0x00, 0x00, 0x00, 0x00,
  0x00, 0x00, 0x00, 0x00, 0x00, 0x00, 0x00, 0x00, 0x00, 0x00, 0x00, 0x00,
  0x00, 0x00, 0x00, 0x00, 0x00, 0x00, 0x00, 0x00, 0x00, 0x00, 0x00, 0x00,
  0x00, 0x00, 0x00, 0x00, 0x00, 0x00, 0x00, 0x00, 0x00, 0x00, 0x00, 0x00,
  0x00, 0x00, 0x00, 0x00, 0x00, 0x00, 0x00, 0x00, 0x00, 0x00, 0x00, 0x00,
  0x00, 0x00, 0x00, 0x00, 0x00, 0x00, 0x00, 0x00, 0x00, 0x00, 0x00, 0x00,
  0x00, 0x00, 0x00, 0x00, 0x00, 0x00, 0x00, 0x00, 0x00, 0x00, 0x00, 0x00,
  0x00, 0x00, 0x00, 0x00, 0x00, 0x00, 0x00, 0x00, 0x00, 0x00, 0x00, 0x00,
  0x00, 0x00, 0x00, 0x00, 0x00, 0x00, 0x00, 0x00, 0x00, 0x00, 0x00, 0x00,
  0x00, 0x00, 0x00, 0x00, 0x00, 0x00, 0x00, 0x00, 0x00, 0x00, 0x00, 0x00,
  0x00, 0x00, 0x00, 0x00, 0x00, 0x00, 0x00, 0x00, 0x00, 0x00, 0x00, 0x00,
  0x00, 0x00, 0x00, 0x00, 0x00, 0x00, 0x00, 0x00, 0x00, 0x00, 0x00, 0x00,
  0x00, 0x00, 0x00, 0x00, 0x00, 0x00, 0x00, 0x00, 0x00, 0x00, 0x00, 0x00,
  0x00, 0x00, 0x00, 0x00, 0x00, 0x00, 0x00, 0x00, 0x00, 0x00, 0x00, 0x00,
  0x00, 0x00, 0x00, 0x00, 0x00, 0x00, 0x00, 0x00, 0x00, 0x00, 0x00, 0x00,
  0x00, 0x00, 0x00, 0x00, 0x00, 0x00, 0x00, 0x00, 0x00, 0x00, 0x00, 0x00,
  0x00, 0x00, 0x00, 0x00, 0x00, 0x00, 0x00, 0x00, 0x00, 0x00, 0x00, 0x00,
  0x00, 0x00, 0x00, 0x00, 0x00, 0x00, 0x00, 0x00, 0x00, 0x00, 0x00, 0x00,
  0x00, 0x00, 0x00, 0x00, 0x00, 0x00, 0x00, 0x00, 0x00, 0x00, 0x00, 0x00,
  0x00, 0x00, 0x00, 0x00, 0x00, 0x00, 0x00, 0x00, 0x00, 0x00, 0x00, 0x00,
  0x00, 0x00, 0x00, 0x00, 0x00, 0x00, 0x00, 0x00, 0x00, 0x00, 0x00, 0x00,
  0x00, 0x00, 0x00, 0x00, 0x00, 0x00, 0x00, 0x00, 0x00, 0x00, 0x00, 0x00,
  0x00, 0x00, 0x00, 0x00, 0x00, 0x00, 0x00, 0x00, 0x00, 0x00, 0x00, 0x00,
  0x00, 0x00, 0x00, 0x00, 0x00, 0x00, 0x00, 0x00, 0x00, 0x00, 0x00, 0x00,
  0x00, 0x00, 0x00, 0x00, 0x00, 0x00, 0x00, 0x00, 0x00, 0x00, 0x00, 0x00,
  0x00, 0x00, 0x00, 0x00, 0x00, 0x00, 0x00, 0x00, 0x00, 0x00, 0x00, 0x00,
  0x00, 0x00, 0x00, 0x00, 0x00, 0x00, 0x00, 0x00, 0x00, 0x00, 0x00, 0x00,
  0x00, 0x00, 0x00, 0x00, 0x00, 0x00, 0x00, 0x00, 0x00, 0x00, 0x00, 0x00,
  0x00, 0x00, 0x00, 0x00, 0x00, 0x00, 0x00, 0x00, 0x00, 0x00, 0x00, 0x00,
  0x00, 0x00, 0x00, 0x00, 0x00, 0x00, 0x00, 0x00, 0x00, 0x00, 0x00, 0x00,
  0x00, 0x00, 0x00, 0x00, 0x00, 0x00, 0x00, 0x00, 0x00, 0x00, 0x00, 0x00,
  0x00, 0x00, 0x00, 0x00, 0x00, 0x00, 0x00, 0x00, 0x00, 0x00, 0x00, 0x00,
  0x00, 0x00, 0x00, 0x00, 0x00, 0x00, 0x00, 0x00, 0x00, 0x00, 0x00, 0x00,
  0x00, 0x00, 0x00, 0x00, 0x00, 0x00, 0x00, 0x00, 0x00, 0x00, 0x00, 0x00,
  0x00, 0x00, 0x00, 0x00, 0x00, 0x00, 0x00, 0x00, 0x00, 0x00, 0x00, 0x00,
  0x00, 0x00, 0x00, 0x00, 0x00, 0x00, 0x00, 0x00, 0x00, 0x00, 0x00, 0x00,
  0x00, 0x00, 0x00, 0x00, 0x00, 0x00, 0x00, 0x00, 0x00, 0x00, 0x00, 0x00,
  0x00, 0x00, 0x00, 0x00, 0x00, 0x00, 0x00, 0x00, 0x00, 0x00, 0x00, 0x00,
  0x00, 0x00, 0x00, 0x00, 0x00, 0x00, 0x00, 0x00, 0x00, 0x00, 0x00, 0x00,
  0x00, 0x00, 0x00, 0x00, 0x00, 0x00, 0x00, 0x00, 0x00, 0x00, 0x00, 0x00,
  0x00, 0x00, 0x00, 0x00, 0x00, 0x00, 0x00, 0x00, 0x00, 0x00, 0x00, 0x00,
  0x00, 0x00, 0x00, 0x00, 0x00, 0x00, 0x00, 0x00, 0x00, 0x00, 0x00, 0x00,
  0x00, 0x00, 0x00, 0x00, 0x00, 0x00, 0x00, 0x00, 0x00, 0x00, 0x00, 0x00,
  0x00, 0x00, 0x00, 0x00, 0x00, 0x00, 0x00, 0x00, 0x00, 0x00, 0x00, 0x00,
  0x00, 0x00, 0x00, 0x00, 0x00, 0x00, 0x00, 0x00, 0x00, 0x00, 0x00, 0x00,
  0x00, 0x00, 0x00, 0x00, 0x00, 0x00, 0x00, 0x00, 0x00, 0x00, 0x00, 0x00,
  0x00, 0x00, 0x00, 0x00, 0x00, 0x00, 0x00, 0x00, 0x00, 0x00, 0x00, 0x00,
  0x00, 0x00, 0x00, 0x00, 0x00, 0x00, 0x00, 0x00, 0x00, 0x00, 0x00, 0x00,
  0x00, 0x00, 0x00, 0x00, 0x00, 0x00, 0x00, 0x00, 0x00, 0x00, 0x00, 0x00,
  0x00, 0x00, 0x00, 0x00, 0x00, 0x00, 0x00, 0x00, 0x00, 0x00, 0x00, 0x00,
  0x00, 0x00, 0x00, 0x00, 0x00, 0x00, 0x00, 0x00, 0x00, 0x00, 0x00, 0x00,
  0x00, 0x00, 0x00, 0x00, 0x00, 0x00, 0x00, 0x00, 0x00, 0x00, 0x00, 0x00,
  0x00, 0x00, 0x00, 0x00, 0x00, 0x00, 0x00, 0x00, 0x00, 0x00, 0x00, 0x00,
  0x00, 0x00, 0x00, 0x00, 0x00, 0x00, 0x00, 0x00, 0x00, 0x00, 0x00, 0x00,
  0x00, 0x00, 0x00, 0x00, 0x00, 0x00, 0x00, 0x00, 0x00, 0x00, 0x00, 0x00,
  0x00, 0x00, 0x00, 0x00, 0x00, 0x00, 0x00, 0x00, 0x00, 0x00, 0x00, 0x00,
  0x00, 0x00, 0x00, 0x00, 0x00, 0x00, 0x00, 0x00, 0x00, 0x00, 0x00, 0x00,
  0x00, 0x00, 0x00, 0x00, 0x00, 0x00, 0x00, 0x00, 0x00, 0x00, 0x00, 0x00,
  0x00, 0x00, 0x00, 0x00, 0x00, 0x00, 0x00, 0x00, 0x00, 0x00, 0x00, 0x00,
  0x00, 0x00, 0x00, 0x00, 0x00, 0x00, 0x00, 0x00, 0x00, 0x00, 0x00, 0x00,
  0x00, 0x00, 0x00, 0x00, 0x00, 0x00, 0x00, 0x00, 0x00, 0x00, 0x00, 0x00,
  0x00, 0x00, 0x00, 0x00, 0x00, 0x00, 0x00, 0x00, 0x00, 0x00, 0x00, 0x00,
  0x00, 0x00, 0x00, 0x00, 0x00, 0x00, 0x00, 0x00, 0x00, 0x00, 0x00, 0x00,
  0x00, 0x00, 0x00, 0x00, 0x00, 0x00, 0x00, 0x00, 0x00, 0x00, 0x00, 0x00,
  0x00, 0x00, 0x00, 0x00, 0x00, 0x00, 0x00, 0x00, 0x00, 0x00, 0x00, 0x00,
  0x00, 0x00, 0x00, 0x00, 0x00, 0x00, 0x00, 0x00, 0x00, 0x00, 0x00, 0x00,
  0x00, 0x00, 0x00, 0x00, 0x00, 0x00, 0x00, 0x00, 0x00, 0x00, 0x00, 0x00,
  0x00, 0x00, 0x00, 0x00, 0x00, 0x00, 0x00, 0x00, 0x00, 0x00, 0x00, 0x00,
  0x00, 0x00, 0x00, 0x00, 0x00, 0x00, 0x00, 0x00, 0x00, 0x00, 0x00, 0x00,
  0x00, 0x00, 0x00, 0x00, 0x00, 0x00, 0x00, 0x00, 0x00, 0x00, 0x00, 0x00,
  0x00, 0x00, 0x00, 0x00, 0x00, 0x00, 0x00, 0x00, 0x00, 0x00, 0x00, 0x00,
  0x00, 0x00, 0x00, 0x00, 0x00, 0x00, 0x00, 0x00, 0x00, 0x00, 0x00, 0x00,
  0x00, 0x00, 0x00, 0x00, 0x00, 0x00, 0x00, 0x00, 0x00, 0x00, 0x00, 0x00,
  0x00, 0x00, 0x00, 0x00, 0x00, 0x00, 0x00, 0x00, 0x00, 0x00, 0x00, 0x00,
  0x00, 0x00, 0x00, 0x00, 0x00, 0x00, 0x00, 0x00, 0x00, 0x00, 0x00, 0x00,
  0x00, 0x00, 0x00, 0x00, 0x00, 0x00, 0x00, 0x00, 0x00, 0x00, 0x00, 0x00,
  0x00, 0x00, 0x00, 0x00, 0x00, 0x00, 0x00, 0x00, 0x00, 0x00, 0x00, 0x00,
  0x00, 0x00, 0x00, 0x00, 0x00, 0x00, 0x00, 0x00, 0x00, 0x00, 0x00, 0x00,
  0x00, 0x00, 0x00, 0x00, 0x00, 0x00, 0x00, 0x00, 0x00, 0x00, 0x00, 0x00,
  0x00, 0x00, 0x00, 0x00, 0x00, 0x00, 0x00, 0x00, 0x00, 0x00, 0x00, 0x00,
  0x00, 0x00, 0x00, 0x00, 0x00, 0x00, 0x00, 0x00, 0x00, 0x00, 0x00, 0x00,
  0x00, 0x00, 0x00, 0x00, 0x00, 0x00, 0x00, 0x00, 0x00, 0x00, 0x00, 0x00,
  0x00, 0x00, 0x00, 0x00, 0x00, 0x00, 0x00, 0x00, 0x00, 0x00, 0x00, 0x00,
  0x00, 0x00, 0x00, 0x00, 0x00, 0x00, 0x00, 0x00, 0x00, 0x00, 0x00, 0x00,
  0x00, 0x00, 0x00, 0x00, 0x00, 0x00, 0x00, 0x00, 0x00, 0x00, 0x00, 0x00,
  0x00, 0x00, 0x00, 0x00, 0x00, 0x00, 0x00, 0x00, 0x00, 0x00, 0x00, 0x00,
  0x00, 0x00, 0x00, 0x00, 0x00, 0x00, 0x00, 0x00, 0x00, 0x00, 0x00, 0x00,
  0x00, 0x00, 0x00, 0x00, 0x00, 0x00, 0x00, 0x00, 0x00, 0x00, 0x00, 0x00,
  0x00, 0x00, 0x00, 0x00, 0x00, 0x00, 0x00, 0x00, 0x00, 0x00, 0x00, 0x00,
  0x00, 0x00, 0x00, 0x00, 0x00, 0x00, 0x00, 0x00, 0x00, 0x00, 0x00, 0x00,
  0x00, 0x00, 0x00, 0x00, 0x00, 0x00, 0x00, 0x00, 0x00, 0x00, 0x00, 0x00,
  0x00, 0x00, 0x00, 0x00, 0x00, 0x00, 0x00, 0x00, 0x00, 0x00, 0x00, 0x00,
  0x00, 0x00, 0x00, 0x00, 0x00, 0x00, 0x00, 0x00, 0x00, 0x00, 0x00, 0x00,
  0x00, 0x00, 0x00, 0x00, 0x00, 0x00, 0x00, 0x00, 0x00, 0x00, 0x00, 0x00,
  0x00, 0x00, 0x00, 0x00, 0x00, 0x00, 0x00, 0x00, 0x00, 0x00, 0x00, 0x00,
  0x00, 0x00, 0x00, 0x00, 0x00, 0x00, 0x00, 0x00, 0x00, 0x00, 0x00, 0x00,
  0x00, 0x00, 0x00, 0x00, 0x00, 0x00, 0x00, 0x00, 0x00, 0x00, 0x00, 0x00,
  0x00, 0x00, 0x00, 0x00, 0x00, 0x00, 0x00, 0x00, 0x00, 0x00, 0x00, 0x00,
  0x00, 0x00, 0x00, 0x00, 0x00, 0x00, 0x00, 0x00, 0x00, 0x00, 0x00, 0x00,
  0x00, 0x00, 0x00, 0x00, 0x00, 0x00, 0x00, 0x00, 0x00, 0x00, 0x00, 0x00,
  0x00, 0x00, 0x00, 0x00, 0x00, 0x00, 0x00, 0x00, 0x00, 0x00, 0x00, 0x00,
  0x00, 0x00, 0x00, 0x00, 0x00, 0x00, 0x00, 0x00, 0x00, 0x00, 0x00, 0x00,
  0x00, 0x00, 0x00, 0x00, 0x00, 0x00, 0x00, 0x00, 0x00, 0x00, 0x00, 0x00,
  0x00, 0x00, 0x00, 0x00, 0x00, 0x00, 0x00, 0x00, 0x00, 0x00, 0x00, 0x00,
  0x00, 0x00, 0x00, 0x00, 0x00, 0x00, 0x00, 0x00, 0x00, 0x00, 0x00, 0x00,
  0x00, 0x00, 0x00, 0x00, 0x00, 0x00, 0x00, 0x00, 0x00, 0x00, 0x00, 0x00,
  0x00, 0x00, 0x00, 0x00, 0x00, 0x00, 0x00, 0x00, 0x00, 0x00, 0x00, 0x00,
  0x00, 0x00, 0x00, 0x00, 0x00, 0x00, 0x00, 0x00, 0x00, 0x00, 0x00, 0x00,
  0x00, 0x00, 0x00, 0x00, 0x00, 0x00, 0x00, 0x00, 0x00, 0x00, 0x00, 0x00,
  0x00, 0x00, 0x00, 0x00, 0x00, 0x00, 0x00, 0x00, 0x00, 0x00, 0x00, 0x00,
  0x00, 0x00, 0x00, 0x00, 0x00, 0x00, 0x00, 0x00, 0x00, 0x00, 0x00, 0x00,
  0x00, 0x00, 0x00, 0x00, 0x00, 0x00, 0x00, 0x00, 0x00, 0x00, 0x00, 0x00,
  0x00, 0x00, 0x00, 0x00, 0x00, 0x00, 0x00, 0x00, 0x00, 0x00, 0x00, 0x00,
  0x00, 0x00, 0x00, 0x00, 0x00, 0x00, 0x00, 0x00, 0x00, 0x00, 0x00, 0x00,
  0x00, 0x00, 0x00, 0x00, 0x00, 0x00, 0x00, 0x00, 0x00, 0x00, 0x00, 0x00,
  0x00, 0x00, 0x00, 0x00, 0x00, 0x00, 0x00, 0x00, 0x00, 0x00, 0x00, 0x00,
  0x00, 0x00, 0x00, 0x00, 0x00, 0x00, 0x00, 0x00, 0x00, 0x00, 0x00, 0x00,
  0x00, 0x00, 0x00, 0x00, 0x00, 0x00, 0x00, 0x00, 0x00, 0x00, 0x00, 0x00,
  0x00, 0x00, 0x00, 0x00, 0x00, 0x00, 0x00, 0x00, 0x00, 0x00, 0x00, 0x00,
  0x00, 0x00, 0x00, 0x00, 0x00, 0x00, 0x00, 0x00, 0x00, 0x00, 0x00, 0x00,
  0x00, 0x00, 0x00, 0x00, 0x00, 0x00, 0x00, 0x00, 0x00, 0x00, 0x00, 0x00,
  0x00, 0x00, 0x00, 0x00, 0x00, 0x00, 0x00, 0x00, 0x00, 0x00, 0x00, 0x00,
  0x00, 0x00, 0x00, 0x00, 0x00, 0x00, 0x00, 0x00, 0x00, 0x00, 0x00, 0x00,
  0x00, 0x00, 0x00, 0x00, 0x00, 0x00, 0x00, 0x00, 0x00, 0x00, 0x00, 0x00,
  0x00, 0x00, 0x00, 0x00, 0x00, 0x00, 0x00, 0x00, 0x00, 0x00, 0x00, 0x00,
  0x00, 0x00, 0x00, 0x00, 0x00, 0x00, 0x00, 0x00, 0x00, 0x00, 0x00, 0x00,
  0x00, 0x00, 0x00, 0x00, 0x00, 0x00, 0x00, 0x00, 0x00, 0x00, 0x00, 0x00,
  0x00, 0x00, 0x00, 0x00, 0x00, 0x00, 0x00, 0x00, 0x00, 0x00, 0x00, 0x00,
  0x00, 0x00, 0x00, 0x00, 0x00, 0x00, 0x00, 0x00, 0x00, 0x00, 0x00, 0x00,
  0x00, 0x00, 0x00, 0x00, 0x00, 0x00, 0x00, 0x00, 0x00, 0x00, 0x00, 0x00,
  0x00, 0x00, 0x00, 0x00, 0x00, 0x00, 0x00, 0x00, 0x00, 0x00, 0x00, 0x00,
  0x00, 0x00, 0x00, 0x00, 0x00, 0x00, 0x00, 0x00, 0x00, 0x00, 0x00, 0x00,
  0x00, 0x00, 0x00, 0x00, 0x00, 0x00, 0x00, 0x00, 0x00, 0x00, 0x00, 0x00,
  0x00, 0x00, 0x00, 0x00, 0x00, 0x00, 0x00, 0x00, 0x00, 0x00, 0x00, 0x00,
  0x00, 0x00, 0x00, 0x00, 0x00, 0x00, 0x00, 0x00, 0x00, 0x00, 0x00, 0x00,
  0x00, 0x00, 0x00, 0x00, 0x00, 0x00, 0x00, 0x00, 0x00, 0x00, 0x00, 0x00,
  0x00, 0x00, 0x00, 0x00, 0x00, 0x00, 0x00, 0x00, 0x00, 0x00, 0x00, 0x00,
  0x00, 0x00, 0x00, 0x00, 0x00, 0x00, 0x00, 0x00, 0x00, 0x00, 0x00, 0x00,
  0x00, 0x00, 0x00, 0x00, 0x00, 0x00, 0x00, 0x00, 0x00, 0x00, 0x00, 0x00,
  0x00, 0x00, 0x00, 0x00, 0x00, 0x00, 0x00, 0x00, 0x00, 0x00, 0x00, 0x00,
  0x00, 0x00, 0x00, 0x00, 0x00, 0x00, 0x00, 0x00, 0x00, 0x00, 0x00, 0x00,
  0x00, 0x00, 0x00, 0x00, 0x00, 0x00, 0x00, 0x00, 0x00, 0x00, 0x00, 0x00,
  0x00, 0x00, 0x00, 0x00, 0x00, 0x00, 0x00, 0x00, 0x00, 0x00, 0x00, 0x00,
  0x00, 0x00, 0x00, 0x00, 0x00, 0x00, 0x00, 0x00, 0x00, 0x00, 0x00, 0x00,
  0x00, 0x00, 0x00, 0x00, 0x00, 0x00, 0x00, 0x00, 0x00, 0x00, 0x00, 0x00,
  0x00, 0x00, 0x00, 0x00
};
static const unsigned int kMsxCbiosSubRomLen = 16384u;
